f,Z',Z'',x,n,gamma,Z''_0,x_0
 0.00000001166, 31.69593259670, 0.00000000000, -7.93333333333, 0.00000000000, 0.00000000000, 0.00000000000, 0.00000000000
 0.00000001359, 31.69593259670, 0.00000000000, -7.86666666667, 1.00000000000, 0.00000000000, 0.00000000000, 0.00000000000
 0.00000001585, 31.69593259670, 0.00000000000, -7.80000000000, 2.00000000000, 0.00000000000, 0.00000000000, 0.00000000000
 0.00000001848, 31.69593259670, -0.00000000000, -7.73333333333, 3.00000000000, 0.00000000000, 0.00000000000, 0.00000000000
 0.00000002154, 31.69593259670, -0.00000000000, -7.66666666667, 4.00000000000, 0.00000000000, 0.00000000000, 0.00000000000
 0.00000002512, 31.69593259670, -0.00000000000, -7.60000000000, 5.00000000000, 0.00000000000, 0.00000000000, 0.00000000000
 0.00000002929, 31.69593259670, -0.00000000000, -7.53333333333, 6.00000000000, 0.00000000000, 0.00000000000, 0.00000000000
 0.00000003415, 31.69593259670, -0.00000000000, -7.46666666667, 7.00000000000, 0.00000000000, 0.00000000000, 0.00000000000
 0.00000003981, 31.69593259670, -0.00000000000, -7.40000000000, 8.00000000000, 0.00000000000, 0.00000000000, 0.00000000000
 0.00000004642, 31.69593259670, -0.00000000000, -7.33333333333, 9.00000000000, 0.00000000000, 0.00000000000, 0.00000000000
 0.00000005412, 31.69593259670, -0.00000000000, -7.26666666667, 10.00000000000, 0.00000000000, 0.00000000000, 0.00000000000
 0.00000006310, 31.69593259670, -0.00000000000, -7.20000000000, 11.00000000000, 0.00000000000, 0.00000000000, 0.00000000000
 0.00000007356, 31.69593259670, -0.00000000000, -7.13333333333, 12.00000000000, 0.00000000000, 0.00000000000, 0.00000000000
 0.00000008577, 31.69593259670, -0.00000000000, -7.06666666667, 13.00000000000, 0.00000000000, 0.00000000000, 0.00000000000
 0.00000010000, 31.69593259670, -0.00000000000, -7.00000000000, 14.00000000000, 0.00000000000, 0.00000000000, 0.00000000000
 0.00000011659, 31.69593259670, -0.00000000000, -6.93333333333, 15.00000000000, 0.00000000000, 0.00000000000, 0.00000000000
 0.00000013594, 31.69593259670, -0.00000000000, -6.86666666667, 16.00000000000, 0.00000000000, 0.00000000000, 0.00000000000
 0.00000015849, 31.69593259670, -0.00000000000, -6.80000000000, 17.00000000000, 0.00000000000, 0.00000000000, 0.00000000000
 0.00000018478, 31.69593259670, -0.00000000000, -6.73333333333, 18.00000000000, 0.00000000000, 0.00000000000, 0.00000000000
 0.00000021544, 31.69593259670, -0.00000000000, -6.66666666667, 19.00000000000, 0.00000000000, 0.00000000000, 0.00000000000
 0.00000025119, 31.69593259670, -0.00000000000, -6.60000000000, 20.00000000000, 0.00000000000, 0.00000000000, 0.00000000000
 0.00000029286, 31.69593259670, -0.00000000000, -6.53333333333, 21.00000000000, 0.00000000000, 0.00000000000, 0.00000000000
 0.00000034145, 31.69593259670, -0.00000000000, -6.46666666667, 22.00000000000, 0.00000000000, 0.00000000000, 0.00000000000
 0.00000039811, 31.69593259670, -0.00000000000, -6.40000000000, 23.00000000000, 0.00000000000, 0.00000000000, 0.00000000000
 0.00000046416, 31.69593259670, -0.00000000000, -6.33333333333, 24.00000000000, 0.00000000000, 0.00000000000, 0.00000000000
 0.00000054117, 31.69593259670, -0.00000000000, -6.26666666667, 25.00000000000, 0.00000000000, 0.00000000000, 0.00000000000
 0.00000063096, 31.69593259670, -0.00000000000, -6.20000000000, 26.00000000000, 0.00000000000, 0.00000000000, 0.00000000000
 0.00000073564, 31.69593259670, -0.00000000000, -6.13333333333, 27.00000000000, 0.00000000000, 0.00000000000, 0.00000000000
 0.00000085770, 31.69593259670, -0.00000000000, -6.06666666667, 28.00000000000, 0.00000000000, 0.00000000000, 0.00000000000
 0.00000100000, 31.69593259670, -0.00000000000, -6.00000000000, 29.00000000000, 0.00000000000, 0.00000000000, 0.00000000000
 0.00000116591, 31.69593259670, -0.00000000000, -5.93333333333, 30.00000000000, 0.00000000000, 0.00000000000, 0.00000000000
 0.00000135936, 31.69593259670, -0.00000000000, -5.86666666667, 31.00000000000, 0.00000000000, 0.00000000000, 0.00000000000
 0.00000158489, 31.69593259670, -0.00000000000, -5.80000000000, 32.00000000000, 0.00000000000, 0.00000000000, 0.00000000000
 0.00000184785, 31.69593259670, -0.00000000000, -5.73333333333, 33.00000000000, 0.00000000000, 0.00000000000, 0.00000000000
 0.00000215443, 31.69593259670, -0.00000000000, -5.66666666667, 34.00000000000, 0.00000000000, 0.00000000000, 0.00000000000
 0.00000251189, 31.69593259670, -0.00000000000, -5.60000000000, 35.00000000000, 0.00000000000, 0.00000000000, 0.00000000000
 0.00000292864, 31.69593259670, -0.00000000000, -5.53333333333, 36.00000000000, 0.00000000000, 0.00000000000, 0.00000000000
 0.00000341455, 31.69593259670, -0.00000000000, -5.46666666667, 37.00000000000, 0.00000000000, 0.00000000000, 0.00000000000
 0.00000398107, 31.69593259670, -0.00000000000, -5.40000000000, 38.00000000000, 0.00000000000, 0.00000000000, 0.00000000000
 0.00000464159, 31.69593259670, -0.00000000000, -5.33333333333, 39.00000000000, 0.00000000000, 0.00000000000, 0.00000000000
 0.00000541170, 31.69593259670, -0.00000000000, -5.26666666667, 40.00000000000, 0.00000000000, 0.00000000000, 0.00000000000
 0.00000630957, 31.69593259670, -0.00000000001, -5.20000000000, 41.00000000000, 0.00000000000, 0.00000000000, 0.00000000000
 0.00000735642, 31.69593259670, -0.00000000001, -5.13333333333, 42.00000000000, 0.00000000000, 0.00000000000, 0.00000000000
 0.00000857696, 31.69593259670, -0.00000000001, -5.06666666667, 43.00000000000, 0.00000000000, 0.00000000000, 0.00000000000
 0.00001000000, 31.69593259670, -0.00000000001, -5.00000000000, 44.00000000000, 0.00000000000, 0.00000000000, 0.00000000000
 0.00001165914, 31.69593259670, -0.00000000001, -4.93333333333, 45.00000000000, 0.00000000000, 0.00000000000, 0.00000000000
 0.00001359356, 31.69593259670, -0.00000000002, -4.86666666667, 46.00000000000, 0.00000000000, 0.00000000000, 0.00000000000
 0.00001584893, 31.69593259670, -0.00000000002, -4.80000000000, 47.00000000000, 0.00000000000, 0.00000000000, 0.00000000000
 0.00001847850, 31.69593259670, -0.00000000003, -4.73333333333, 48.00000000000, 0.00000000000, 0.00000000000, 0.00000000000
 0.00002154435, 31.69593259670, -0.00000000004, -4.66666666667, 49.00000000000, 0.00000000000, 0.00000000000, 0.00000000000
 0.00002511886, 31.69593259670, -0.00000000005, -4.60000000000, 50.00000000000, 0.00000000000, 0.00000000000, 0.00000000000
 0.00002928645, 31.69593259670, -0.00000000006, -4.53333333333, 51.00000000000, 0.00000000000, 0.00000000000, 0.00000000000
 0.00003414549, 31.69593259670, -0.00000000009, -4.46666666667, 52.00000000000, 0.00000000000, 0.00000000000, 0.00000000000
 0.00003981072, 31.69593259670, -0.00000000011, -4.40000000000, 53.00000000000, 0.00000000000, 0.00000000000, 0.00000000000
 0.00004641589, 31.69593259670, -0.00000000014, -4.33333333333, 54.00000000000, 0.00000000000, 0.00000000000, 0.00000000000
 0.00005411695, 31.69593259670, -0.00000000016, -4.26666666667, 55.00000000000, 0.00000000000, 0.00000000000, 0.00000000000
 0.00006309573, 31.69593259670, -0.00000000020, -4.20000000000, 56.00000000000, 0.00000000000, 0.00000000000, 0.00000000000
 0.00007356423, 31.69593259670, -0.00000000030, -4.13333333333, 57.00000000000, 0.00000000000, 0.00000000000, 0.00000000000
 0.00008576959, 31.69593259670, -0.00000000039, -4.06666666667, 58.00000000000, 0.00000000000, 0.00000000000, 0.00000000000
 0.00010000000, 31.69593259670, -0.00000000049, -4.00000000000, 59.00000000000, 0.00000000000, 0.00000000000, 0.00000000000
 0.00011659144, 31.69593259670, -0.00000000059, -3.93333333333, 60.00000000000, 0.00000000000, 0.00000000000, 0.00000000000
 0.00013593564, 31.69593259670, -0.00000000068, -3.86666666667, 61.00000000000, 0.00000000000, 0.00000000000, 0.00000000000
 0.00015848932, 31.69593259670, -0.00000000104, -3.80000000000, 62.00000000000, 0.00000000000, 0.00000000000, 0.00000000000
 0.00018478498, 31.69593259670, -0.00000000139, -3.73333333333, 63.00000000000, 0.00000000000, 0.00000000000, 0.00000000000
 0.00021544347, 31.69593259670, -0.00000000175, -3.66666666667, 64.00000000000, 0.00000000000, 0.00000000000, 0.00000000000
 0.00025118864, 31.69593259670, -0.00000000210, -3.60000000000, 65.00000000000, 0.00000000000, 0.00000000000, 0.00000000000
 0.00029286446, 31.69593259670, -0.00000000246, -3.53333333333, 66.00000000000, 0.00000000000, 0.00000000000, 0.00000000000
 0.00034145489, 31.69593259670, -0.00000000361, -3.46666666667, 67.00000000000, 0.00000000000, 0.00000000000, 0.00000000000
 0.00039810717, 31.69593259670, -0.00000000491, -3.40000000000, 68.00000000000, 0.00000000000, 0.00000000000, 0.00000000000
 0.00046415888, 31.69593259670, -0.00000000622, -3.33333333333, 69.00000000000, 0.00000000000, 0.00000000000, 0.00000000000
 0.00054116953, 31.69593259670, -0.00000000752, -3.26666666667, 70.00000000000, 0.00000000000, 0.00000000000, 0.00000000000
 0.00063095734, 31.69593259670, -0.00000000883, -3.20000000000, 71.00000000000, 0.00000000000, 0.00000000000, 0.00000000000
 0.00073564225, 31.69593259670, -0.00000001247, -3.13333333333, 72.00000000000, 0.00000000000, 0.00000000000, 0.00000000000
 0.00085769590, 31.69593259670, -0.00000001727, -3.06666666667, 73.00000000000, 0.00000000000, 0.00000000000, 0.00000000000
 0.00100000000, 31.69593259670, -0.00000002207, -3.00000000000, 74.00000000000, 0.00000000000, 0.00000000000, 0.00000000000
 0.00116591440, 31.69593259670, -0.00000002687, -2.93333333333, 75.00000000000, 0.00000000000, 0.00000000000, 0.00000000000
 0.00135935639, 31.69593259670, -0.00000003167, -2.86666666667, 76.00000000000, 0.00000000000, 0.00000000000, 0.00000000000
 0.00158489319, 31.69593259670, -0.00000004293, -2.80000000000, 77.00000000000, 0.00000000000, 0.00000000000, 0.00000000000
 0.00184784980, 31.69593259670, -0.00000006059, -2.73333333333, 78.00000000000, 0.00000000000, 0.00000000000, 0.00000000000
 0.00215443469, 31.69593259670, -0.00000007826, -2.66666666667, 79.00000000000, 0.00000000000, 0.00000000000, 0.00000000000
 0.00251188643, 31.69593259670, -0.00000009593, -2.60000000000, 80.00000000000, 0.00000000000, 0.00000000000, 0.00000000000
 0.00292864456, 31.69593259670, -0.00000011360, -2.53333333333, 81.00000000000, 0.00000000000, 0.00000000000, 0.00000000000
 0.00341454887, 31.69593259670, -0.00000014712, -2.46666666667, 82.00000000000, 0.00000000000, 0.00000000000, 0.00000000000
 0.00398107171, 31.69593259670, -0.00000021213, -2.40000000000, 83.00000000000, 0.00000000000, 0.00000000000, 0.00000000000
 0.00464158883, 31.69593259670, -0.00000027713, -2.33333333333, 84.00000000000, 0.00000000000, 0.00000000000, 0.00000000000
 0.00541169527, 31.69593259670, -0.00000034214, -2.26666666667, 85.00000000000, 0.00000000000, 0.00000000000, 0.00000000000
 0.00630957344, 31.69593259670, -0.00000040714, -2.20000000000, 86.00000000000, 0.00000000000, 0.00000000000, 0.00000000000
 0.00735642254, 31.69593259670, -0.00000050148, -2.13333333333, 87.00000000000, 0.00000000000, 0.00000000000, 0.00000000000
 0.00857695899, 31.69593259670, -0.00000074066, -2.06666666667, 88.00000000000, 0.00000000000, 0.00000000000, 0.00000000000
 0.01000000000, 31.69593259670, -0.00000097985, -2.00000000000, 89.00000000000, 0.00000000000, 0.00000000000, 0.00000000000
 0.01165914401, 31.69593259670, -0.00000121904, -1.93333333333, 90.00000000000, 0.00000000000, 0.00000000000, 0.00000000000
 0.01359356391, 31.69593259670, -0.00000145822, -1.86666666667, 91.00000000000, 0.00000000000, 0.00000000000, 0.00000000000
 0.01584893192, 31.69593259670, -0.00000169856, -1.80000000000, 92.00000000000, 0.00000000000, 0.00000000000, 0.00000000000
 0.01847849797, 31.69593259670, -0.00000257863, -1.73333333333, 93.00000000000, 0.00000000000, 0.00000000000, 0.00000000000
 0.02154434690, 31.69593259670, -0.00000345870, -1.66666666667, 94.00000000000, 0.00000000000, 0.00000000000, 0.00000000000
 0.02511886432, 31.69593259670, -0.00000433878, -1.60000000000, 95.00000000000, 0.00000000000, 0.00000000000, 0.00000000000
 0.02928644565, 31.69593259670, -0.00000521885, -1.53333333333, 96.00000000000, 0.00000000000, 0.00000000000, 0.00000000000
 0.03414548874, 31.69593259670, -0.00000609892, -1.46666666667, 97.00000000000, 0.00000000000, 0.00000000000, 0.00000000000
 0.03981071706, 31.69593259670, -0.00000894855, -1.40000000000, 98.00000000000, 0.00000000000, 0.00000000000, 0.00000000000
 0.04641588834, 31.69593259670, -0.00001218672, -1.33333333333, 99.00000000000, 0.00000000000, 0.00000000000, 0.00000000000
 0.05411695265, 31.69593259670, -0.00001542489, -1.26666666667, 100.00000000000, 0.00000000000, 0.00000000000, 0.00000000000
 0.06309573445, 31.69593259670, -0.00001866306, -1.20000000000, 101.00000000000, 0.00000000000, 0.00000000000, 0.00000000000
 0.07356422545, 31.69593259670, -0.00002190123, -1.13333333333, 102.00000000000, 0.00000000000, 0.00000000000, 0.00000000000
 0.08576958986, 31.69593259670, -0.00003094104, -1.06666666667, 103.00000000000, 0.00000000000, 0.00000000000, 0.00000000000
 0.10000000000, 31.69593259670, -0.00004285569, -1.00000000000, 104.00000000000, 0.00000000000, 0.00000000000, 0.00000000000
 0.11659144012, 31.69593259670, -0.00005477035, -0.93333333333, 105.00000000000, 0.00000000000, 0.00000000000, 0.00000000000
 0.13593563909, 31.69593259670, -0.00006668500, -0.86666666667, 106.00000000000, 0.00000000000, 0.00000000000, 0.00000000000
 0.15848931925, 31.69593259670, -0.00007859965, -0.80000000000, 107.00000000000, 0.00000000000, 0.00000000000, 0.00000000000
 0.18478497974, 31.69593259670, -0.00010654349, -0.73333333333, 108.00000000000, 0.00000000000, 0.00000000000, 0.00000000000
 0.21544346900, 31.69593259670, -0.00015038274, -0.66666666667, 109.00000000000, 0.00000000000, 0.00000000000, 0.00000000000
 0.25118864315, 31.69593259670, -0.00019422198, -0.60000000000, 110.00000000000, 0.00000000000, 0.00000000000, 0.00000000000
 0.29286445646, 31.69593259670, -0.00023806122, -0.53333333333, 111.00000000000, 0.00000000000, 0.00000000000, 0.00000000000
 0.34145488738, 31.69593259670, -0.00028190046, -0.46666666667, 112.00000000000, 0.00000000000, 0.00000000000, 0.00000000000
 0.39810717055, 31.69593259670, -0.00036515241, -0.40000000000, 113.00000000000, 0.00000000000, 0.00000000000, 0.00000000000
 0.46415888336, 31.69593259670, -0.00052645622, -0.33333333333, 114.00000000000, 0.00000000000, 0.00000000000, 0.00000000000
 0.54116952655, 31.69593259670, -0.00068776003, -0.26666666667, 115.00000000000, 0.00000000000, 0.00000000000, 0.00000000000
 0.63095734448, 31.69593259670, -0.00084906385, -0.20000000000, 116.00000000000, 0.00000000000, 0.00000000000, 0.00000000000
 0.73564225446, 31.69593259670, -0.00101036766, -0.13333333333, 117.00000000000, 0.00000000000, 0.00000000000, 0.00000000000
 0.85769589859, 31.69593259670, -0.00124469728, -0.06666666667, 118.00000000000, 0.00000000000, 0.00000000000, 0.00000000000
 1.00000000000, 31.69593259670, -0.00183820481, -0.00000000000, 119.00000000000, 0.00000000000, 0.00000000000, 0.00000000000
 1.16591440118, 31.69593259670, -0.00243171234, 0.06666666667, 120.00000000000, 0.00000000000, 0.00000000000, 0.00000000000
 1.35935639088, 31.69593259670, -0.00302521988, 0.13333333333, 121.00000000000, 0.00000000000, 0.00000000000, 0.00000000000
 1.58489319246, 31.69593259670, -0.00361872741, 0.20000000000, 122.00000000000, 0.00000000000, 0.00000000000, 0.00000000000
 1.84784979742, 31.69593259670, -0.00421604306, 0.26666666667, 123.00000000000, 0.00000000000, 0.00000000000, 0.00000000000
 2.15443469003, 31.69593259670, -0.00639981779, 0.33333333333, 124.00000000000, 0.00000000000, 0.00000000000, 0.00000000000
 2.51188643151, 31.69593259670, -0.00858359251, 0.40000000000, 125.00000000000, 0.00000000000, 0.00000000000, 0.00000000000
 2.92864456463, 31.69593259670, -0.01076736724, 0.46666666667, 126.00000000000, 0.00000000000, 0.00000000000, 0.00000000000
 3.41454887383, 31.69593259670, -0.01295114197, 0.53333333333, 127.00000000000, 0.00000000000, 0.00000000000, 0.00000000000
 3.98107170553, 31.69593259670, -0.01513491669, 0.60000000000, 128.00000000000, 0.00000000000, 0.00000000000, 0.00000000000
 4.64158883361, 31.69593259670, -0.02220936283, 0.66666666667, 129.00000000000, 0.00000000000, 0.00000000000, 0.00000000000
 5.41169526546, 31.69593259670, -0.03024442858, 0.73333333333, 130.00000000000, 0.00000000000, 0.00000000000, 0.00000000000
 6.30957344480, 31.69593259670, -0.03827949434, 0.80000000000, 131.00000000000, 0.00000000000, 0.00000000000, 0.00000000000
 7.35642254460, 31.69593259670, -0.04631456009, 0.86666666667, 132.00000000000, 0.00000000000, 0.00000000000, 0.00000000000
 8.57695898591, 31.69593259670, -0.05434962585, 0.93333333333, 133.00000000000, 0.00000000000, 0.00000000000, 0.00000000000
 10.00000000000, 31.69593259670, -0.07679352185, 1.00000000000, 134.00000000000, 0.00000000000, 0.00000000000, 0.00000000000
 11.65914401180, 31.69593259670, -0.10635805563, 1.06666666667, 135.00000000000, 0.00000000000, 0.00000000000, 0.00000000000
 13.59356390878, 31.69593259670, -0.13592258941, 1.13333333333, 136.00000000000, 0.00000000000, 0.00000000000, 0.00000000000
 15.84893192461, 31.69593259670, -0.16548712320, 1.20000000000, 137.00000000000, 0.00000000000, 0.00000000000, 0.00000000000
 18.47849797422, 31.69593259670, -0.19505165698, 1.26666666667, 138.00000000000, 0.00000000000, 0.00000000000, 0.00000000000
 21.54434690032, 31.69593259670, -0.26443777858, 1.33333333333, 139.00000000000, 0.00000000000, 0.00000000000, 0.00000000000
 25.11886431510, 31.69593259670, -0.37321867527, 1.40000000000, 140.00000000000, 0.00000000000, 0.00000000000, 0.00000000000
 29.28644564625, 31.69593259670, -0.48199957195, 1.46666666667, 141.00000000000, 0.00000000000, 0.00000000000, 0.00000000000
 34.14548873834, 31.69593259670, -0.59078046863, 1.53333333333, 142.00000000000, 0.00000000000, 0.00000000000, 0.00000000000
 39.81071705535, 31.69593259670, -0.69956136531, 1.60000000000, 143.00000000000, 0.00000000000, 0.00000000000, 0.00000000000
 46.41588833613, 31.69593259670, -0.90631381643, 1.66666666667, 144.00000000000, 0.00000000000, 0.00000000000, 0.00000000000
 54.11695265465, 31.69593259670, -1.30656648304, 1.73333333333, 145.00000000000, 0.00000000000, 0.00000000000, 0.00000000000
 63.09573444802, 31.69593259670, -1.70681914965, 1.80000000000, 146.00000000000, 0.00000000000, 0.00000000000, 0.00000000000
 73.56422544596, 31.69593259670, -2.10707181626, 1.86666666667, 147.00000000000, 0.00000000000, 0.00000000000, 0.00000000000
 85.76958985909, 31.69593259670, -2.50732448287, 1.93333333333, 148.00000000000, 0.00000000000, 0.00000000000, 0.00000000000
 100.00000000000, 31.69593259670, -2.96559052611, 2.00000000000, 149.00000000000, 0.00000000000, 0.00000000000, 0.00000000000
 116.59144011798, 31.69593259670, -4.00583643683, 2.06666666667, 150.00000000000, 0.00000000000, 0.00000000000, 0.00000000000
 135.93563908785, 31.69593259670, -5.04608234756, 2.13333333333, 151.00000000000, 0.00000000000, 0.00000000000, 0.00000000000
 158.48931924611, 31.69593259670, -6.14691321106, 2.20000000000, 152.00000000000, 0.00000000000, 0.00000000000, 0.00000000000
 184.78497974223, 31.69593259670, -7.30787209663, 2.26666666667, 153.00000000000, 0.00000000000, 0.00000000000, 0.00000000000
 215.44346900318, 31.69593259670, -8.46863674094, 2.33333333333, 154.00000000000, 0.00000000000, 0.00000000000, 0.00000000000
 251.18864315095, 31.69593259670, -9.56470357319, 2.40000000000, 155.00000000000, 0.00000000000, 0.00000000000, 0.00000000000
 292.86445646252, 31.69593259670, -10.66077040544, 2.46666666667, 156.00000000000, 0.00000000000, 0.00000000000, 0.00000000000
 341.45488738335, 31.69593259670, -11.61307594776, 2.53333333333, 157.00000000000, 0.00000014390, 0.00000014390, 0.00000000000
 398.10717055349, 31.69593259670, -12.42057410309, 2.60000000000, 158.00000000000, 0.00081552559, 0.00081552559, 0.00000000000
 464.15888336127, 31.69593259670, -13.22807225842, 2.66666666667, 159.00000000000, 0.14449066678, 0.14449066678, 0.00000000000
 541.16952654646, 31.69593259670, -13.62701567339, 2.73333333333, 160.00000000000, 0.80030679920, 0.80030679920, 0.00000000000
 630.95734448018, 31.69593259670, -14.02368243672, 2.80000000000, 161.00000000000, 0.13857590609, 0.13857590609, 0.00000000000
 735.64225445963, 30.83553417177, -14.21407482696, 2.86666666667, 162.00000000000, 0.00075012468, 0.00075012468, 0.00000000000
 857.69589859088, 29.12137347026, -14.19978381327, 2.93333333333, 163.00000000000, 0.00000012702, 0.00000012694, 0.00000000008
 999.99999999999, 27.40843855257, -14.18443621257, 3.00000000000, 164.00000000000, 0.00000000390, 0.00000000000, 0.00000000390
 1165.91440117982, 25.89027144680, -14.00120489717, 3.06666666667, 165.00000000000, 0.00000013431, 0.00000000000, 0.00000013431
 1359.35639087851, 24.37210434103, -13.81797358177, 3.13333333333, 166.00000000000, 0.00000321851, 0.00000000000, 0.00000321851
 1584.89319246109, 22.94254996155, -13.63321979079, 3.20000000000, 167.00000000000, 0.00005364273, 0.00000000000, 0.00005364273
 1847.84979742227, 21.60286024078, -13.44692201448, 3.26666666667, 168.00000000000, 0.00062181541, 0.00000000000, 0.00062181541
 2154.43469003186, 20.26339763764, -13.26101891646, 3.33333333333, 169.00000000000, 0.00501310995, 0.00000000000, 0.00501310995
 2511.88643150955, 18.97370404873, -13.16160293672, 3.40000000000, 170.00000000000, 0.02810917815, 0.00000000000, 0.02810917815
 2928.64456462521, 17.68401045982, -13.06218695698, 3.46666666667, 171.00000000000, 0.10961859507, 0.00000000000, 0.10961859507
 3414.54887383357, 16.33679098125, -12.95569081277, 3.53333333333, 172.00000000000, 0.29731408312, 0.00000000000, 0.29731408312
 3981.07170553494, 14.93308969942, -12.84224300801, 3.60000000000, 173.00000000000, 0.56084376611, 0.00000000000, 0.56084376611
 4641.58883361274, 13.52938841758, -12.72879520325, 3.66666666667, 174.00000000000, 0.73580626053, 0.00000000000, 0.73580626053
 5411.69526546459, 12.04246729269, -12.42457763121, 3.73333333333, 175.00000000000, 0.67139828314, 0.00000000000, 0.67139828314
 6309.57344480188, 10.55544813584, -12.12013533475, 3.80000000000, 176.00000000000, 0.42608097224, 0.00000000000, 0.42608097224
 7356.42254459636, 9.12862458854, -11.68038401869, 3.86666666667, 177.00000000000, 0.18806120729, 0.00000000000, 0.18806120729
 8576.95898590888, 7.77276896834, -11.08110942994, 3.93333333333, 178.00000000000, 0.05772998778, 0.00000000000, 0.05772998778
 9999.99999999994, 6.41691334814, -10.48183484118, 4.00000000000, 179.00000000000, 0.01232533912, 0.00000000000, 0.01232533912
 11659.14401179824, 5.37007193291, -9.69776280861, 4.06666666667, 180.00000000000, 0.00183017010, 0.00000000000, 0.00183017010
 13593.56390878516, 4.32633303693, -8.91183539976, 4.13333333333, 181.00000000000, 0.00018900757, 0.00000000000, 0.00018900757
 15848.93192461101, 3.45529933396, -8.10996528134, 4.20000000000, 182.00000000000, 0.00001357570, 0.00000000000, 0.00001357570
 18478.49797422276, 2.75540084133, -7.29229738111, 4.26666666667, 183.00000000000, 0.00000067817, 0.00000000000, 0.00000067817
 21544.34690031865, 2.05550234869, -6.47462948088, 4.33333333333, 184.00000000000, 0.00000002356, 0.00000000000, 0.00000002356
 25118.86431509556, 1.64002590530, -5.76148348619, 4.40000000000, 185.00000000000, 0.00000000057, 0.00000000000, 0.00000000057
 29286.44564625207, 1.22464076222, -5.04837104334, 4.46666666667, 186.00000000000, 0.00000000001, 0.00000000000, 0.00000000001
 34145.48873833566, 0.90219150038, -4.40796520695, 4.53333333333, 187.00000000000, 0.00000000000, 0.00000000000, 0.00000000000
 39810.71705534928, 0.67311065559, -3.84060436310, 4.60000000000, 188.00000000000, 0.00000000000, 0.00000000000, 0.00000000000
 46415.88833612725, 0.44410139539, -3.27333221433, 4.66666666667, 189.00000000000, 0.00000000000, 0.00000000000, 0.00000000000
 54116.95265464571, 0.32209286268, -2.83863658331, 4.73333333333, 190.00000000000, 0.00000000000, 0.00000000000, 0.00000000000
 63095.73444801853, 0.20008432997, -2.40394095230, 4.80000000000, 191.00000000000, 0.00000000000, 0.00000000000, 0.00000000000
 73564.22544596317, 0.07807579725, -2.05375951228, 4.86666666667, 192.00000000000, 0.00000000000, 0.00000000000, 0.00000000000
 85769.58985908823, 0.00000000000, -1.78803483474, 4.93333333333, 193.00000000000, 0.00000000000, 0.00000000000, 0.00000000000
 99999.99999999857, 0.00000000000, -1.52231015720, 5.00000000000, 194.00000000000, 0.00000000000, 0.00000000000, 0.00000000000
 116591.44011798144, 0.00000000000, -1.34716707990, 5.06666666667, 195.00000000000, 0.00000000000, 0.00000000000, 0.00000000000
 135935.63908785046, 0.00000000000, -1.17212224903, 5.13333333333, 196.00000000000, 0.00000000000, 0.00000000000, 0.00000000000
 158489.31924610882, 0.00000000000, -0.99707741815, 5.20000000000, 197.00000000000, 0.00000000000, 0.00000000000, 0.00000000000
 184784.97974222605, 0.00000000000, -0.84082686566, 5.26666666667, 198.00000000000, 0.00000000000, 0.00000000000, 0.00000000000
 215443.46900318470, 0.00000000000, -0.74127463136, 5.33333333333, 199.00000000000, 0.00000000000, 0.00000000000, 0.00000000000
 251188.64315095361, 0.00000000000, -0.64172239706, 5.40000000000, 200.00000000000, 0.00000000000, 0.00000000000, 0.00000000000
 292864.45646251837, 0.00000000000, -0.54217016277, 5.46666666667, 201.00000000000, 0.00000000000, 0.00000000000, 0.00000000000
 341454.88738335378, 0.00000000000, -0.46404196800, 5.53333333333, 202.00000000000, 0.00000000000, 0.00000000000, 0.00000000000
 398107.17055348959, 0.00000000000, -0.40742420155, 5.60000000000, 203.00000000000, 0.00000000000, 0.00000000000, 0.00000000000
 464158.88336126873, 0.00000000000, -0.35080643509, 5.66666666667, 204.00000000000, 0.00000000000, 0.00000000000, 0.00000000000
 541169.52654645266, 0.00000000000, -0.29418866864, 5.73333333333, 205.00000000000, 0.00000000000, 0.00000000000, 0.00000000000
 630957.34448018007, 0.00000000000, -0.25586068501, 5.80000000000, 206.00000000000, 0.00000000000, 0.00000000000, 0.00000000000
 735642.25445962558, 0.00000000000, -0.22366079015, 5.86666666667, 207.00000000000, 0.00000000000, 0.00000000000, 0.00000000000
 857695.89859087532, 0.00000000000, -0.19146089528, 5.93333333333, 208.00000000000, 0.00000000000, 0.00000000000, 0.00000000000
 999999.99999997753, 0.00000000000, -0.15926100041, 6.00000000000, 209.00000000000, 0.00000000000, 0.00000000000, 0.00000000000
 1165914.40117980493, 0.00000000000, -0.14093524402, 6.06666666667, 210.00000000000, 0.00000000000, 0.00000000000, 0.00000000000
 1359356.39087849367, 0.00000000000, -0.12262238404, 6.13333333333, 211.00000000000, 0.00000000000, 0.00000000000, 0.00000000000
 1584893.19246107526, 0.00000000000, -0.10430952406, 6.20000000000, 212.00000000000, 0.00000000000, 0.00000000000, 0.00000000000
 1847849.79742224538, 0.00000000000, -0.08796410845, 6.26666666667, 213.00000000000, 0.00000000000, 0.00000000000, 0.00000000000
 2154434.69003182929, 0.00000000000, -0.07754914150, 6.33333333333, 214.00000000000, 0.00000000000, 0.00000000000, 0.00000000000
 2511886.43150951527, 0.00000000000, -0.06713417456, 6.40000000000, 215.00000000000, 0.00000000000, 0.00000000000, 0.00000000000
 2928644.56462515937, 0.00000000000, -0.05671920761, 6.46666666667, 216.00000000000, 0.00000000000, 0.00000000000, 0.00000000000
 3414548.87383351010, 0.00000000000, -0.04854627848, 6.53333333333, 217.00000000000, 0.00000000000, 0.00000000000, 0.00000000000
 3981071.70553486329, 0.00000000000, -0.04262303457, 6.60000000000, 218.00000000000, 0.00000000000, 0.00000000000, 0.00000000000
 4641588.83361264877, 0.00000000000, -0.03669979065, 6.66666666667, 219.00000000000, 0.00000000000, 0.00000000000, 0.00000000000
 5411695.26546448283, 0.00000000000, -0.03077654674, 6.73333333333, 220.00000000000, 0.00000000000, 0.00000000000, 0.00000000000
 6309573.44480174966, 0.00000000000, -0.02676714078, 6.80000000000, 221.00000000000, 0.00000000000, 0.00000000000, 0.00000000000
 7356422.54459619522, 0.00000000000, -0.02339844853, 6.86666666667, 222.00000000000, 0.00000000000, 0.00000000000, 0.00000000000
 8576958.98590868339, 0.00000000000, -0.02002975627, 6.93333333333, 223.00000000000, 0.00000000000, 0.00000000000, 0.00000000000
 9999999.99999969267, 0.00000000000, -0.01666106402, 7.00000000000, 224.00000000000, 0.00000000000, 0.00000000000, 0.00000000000
 11659144.01179795340, 0.00000000000, -0.01474408282, 7.06666666667, 225.00000000000, 0.00000000000, 0.00000000000, 0.00000000000
 13593563.90878482350, 0.00000000000, -0.01282822596, 7.13333333333, 226.00000000000, 0.00000000000, 0.00000000000, 0.00000000000
 15848931.92461062220, 0.00000000000, -0.01091236909, 7.20000000000, 227.00000000000, 0.00000000000, 0.00000000000, 0.00000000000
 18478497.97422230240, 0.00000000000, -0.00920247043, 7.26666666667, 228.00000000000, 0.00000000000, 0.00000000000, 0.00000000000
 21544346.90031811600, 0.00000000000, -0.00811287624, 7.33333333333, 229.00000000000, 0.00000000000, 0.00000000000, 0.00000000000
 25118864.31509494780, 0.00000000000, -0.00702328205, 7.40000000000, 230.00000000000, 0.00000000000, 0.00000000000, 0.00000000000
 29286445.64625135440, 0.00000000000, -0.00593368785, 7.46666666667, 231.00000000000, 0.00000000000, 0.00000000000, 0.00000000000
 34145488.73833481970, 0.00000000000, -0.00507872416, 7.53333333333, 232.00000000000, 0.00000000000, 0.00000000000, 0.00000000000
 39810717.05534830690, 0.00000000000, -0.00445904555, 7.60000000000, 233.00000000000, 0.00000000000, 0.00000000000, 0.00000000000
 46415888.33612611150, 0.00000000000, -0.00383936695, 7.66666666667, 234.00000000000, 0.00000000000, 0.00000000000, 0.00000000000
 54116952.65464438500, 0.00000000000, -0.00321968835, 7.73333333333, 235.00000000000, 0.00000000000, 0.00000000000, 0.00000000000
 63095734.44801697880, 0.00000000000, -0.00280027322, 7.80000000000, 236.00000000000, 0.00000000000, 0.00000000000, 0.00000000000
 73564225.44596135620, 0.00000000000, -0.00244784700, 7.86666666667, 237.00000000000, 0.00000000000, 0.00000000000, 0.00000000000
 85769589.85908612610, 0.00000000000, -0.00209542077, 7.93333333333, 238.00000000000, 0.00000000000, 0.00000000000, 0.00000000000
 99999999.99999611080, 0.00000000000, -0.00174299454, 8.00000000000, 239.00000000000, 0.00000000000, 0.00000000000, 0.00000000000
 116591440.11797881100, 0.00000000000, -0.00154246711, 8.06666666667, 240.00000000000, 0.00000000000, 0.00000000000, 0.00000000000
 135935639.08784741200, 0.00000000000, -0.00134203378, 8.13333333333, 241.00000000000, 0.00000000000, 0.00000000000, 0.00000000000
 158489319.24610525400, 0.00000000000, -0.00114160045, 8.20000000000, 242.00000000000, 0.00000000000, 0.00000000000, 0.00000000000
 184784979.74222189200, 0.00000000000, -0.00096272745, 8.26666666667, 243.00000000000, 0.00000000000, 0.00000000000, 0.00000000000
 215443469.00317984800, 0.00000000000, -0.00084873616, 8.33333333333, 244.00000000000, 0.00000000000, 0.00000000000, 0.00000000000
 251188643.15094792800, 0.00000000000, -0.00073474487, 8.40000000000, 245.00000000000, 0.00000000000, 0.00000000000, 0.00000000000
 292864456.46251177800, 0.00000000000, -0.00062075359, 8.46666666667, 246.00000000000, 0.00000000000, 0.00000000000, 0.00000000000
 341454887.38334608100, 0.00000000000, -0.00053131651, 8.53333333333, 247.00000000000, 0.00000000000, 0.00000000000, 0.00000000000
 398107170.55348062500, 0.00000000000, -0.00046648690, 8.60000000000, 248.00000000000, 0.00000000000, 0.00000000000, 0.00000000000
 464158883.36125826800, 0.00000000000, -0.00040165729, 8.66666666667, 249.00000000000, 0.00000000000, 0.00000000000, 0.00000000000
 541169526.54644048200, 0.00000000000, -0.00033682769, 8.73333333333, 250.00000000000, 0.00000000000, 0.00000000000, 0.00000000000
 630957344.48016583900, 0.00000000000, -0.00029295360, 8.80000000000, 251.00000000000, 0.00000000000, 0.00000000000, 0.00000000000
 735642254.45960903200, 0.00000000000, -0.00025608343, 8.86666666667, 252.00000000000, 0.00000000000, 0.00000000000, 0.00000000000
 857695898.59085595600, 0.00000000000, -0.00021921326, 8.93333333333, 253.00000000000, 0.00000000000, 0.00000000000, 0.00000000000
 999999999.99995505800, 0.00000000000, -0.00018234309, 9.00000000000, 254.00000000000, 0.00000000000, 0.00000000000, 0.00000000000
 1165914401.17977858000, 0.00000000000, -0.00016136675, 9.06666666667, 255.00000000000, 0.00000000000, 0.00000000000, 0.00000000000
 1359356390.87846303000, 0.00000000000, -0.00014039780, 9.13333333333, 256.00000000000, 0.00000000000, 0.00000000000, 0.00000000000
 1584893192.46103954000, 0.00000000000, -0.00011942884, 9.20000000000, 257.00000000000, 0.00000000000, 0.00000000000, 0.00000000000
 1847849797.42220378000, 0.00000000000, -0.00010071688, 9.26666666667, 258.00000000000, 0.00000000000, 0.00000000000, 0.00000000000
 2154434690.03178072000, 0.00000000000, -0.00008879133, 9.33333333333, 259.00000000000, 0.00000000000, 0.00000000000, 0.00000000000
 2511886431.50945902000, 0.00000000000, -0.00007686578, 9.40000000000, 260.00000000000, 0.00000000000, 0.00000000000, 0.00000000000
 2928644564.62509346000, 0.00000000000, -0.00006494022, 9.46666666667, 261.00000000000, 0.00000000000, 0.00000000000, 0.00000000000
 3414548873.83343315000, 0.00000000000, -0.00005558428, 9.53333333333, 262.00000000000, 0.00000000000, 0.00000000000, 0.00000000000
 3981071705.53477383000, 0.00000000000, -0.00004880193, 9.60000000000, 263.00000000000, 0.00000000000, 0.00000000000, 0.00000000000
 4641588833.61254501000, 0.00000000000, -0.00004201958, 9.66666666667, 264.00000000000, 0.00000000000, 0.00000000000, 0.00000000000
 5411695265.46436119000, 0.00000000000, -0.00003523723, 9.73333333333, 265.00000000000, 0.00000000000, 0.00000000000, 0.00000000000
 6309573444.80160713000, 0.00000000000, -0.00003064766, 9.80000000000, 266.00000000000, 0.00000000000, 0.00000000000, 0.00000000000
 7356422544.59603023000, 0.00000000000, -0.00002679037, 9.86666666667, 267.00000000000, 0.00000000000, 0.00000000000, 0.00000000000
 8576958985.90849018000, 0.00000000000, -0.00002293308, 9.93333333333, 268.00000000000, 0.00000000000, 0.00000000000, 0.00000000000
 9999999999.99946785000, 0.00000000000, -0.00001907579, 10.00000000000, 269.00000000000, 0.00000000000, 0.00000000000, 0.00000000000
 11659144011.79769130000, 0.00000000000, -0.00001688155, 10.06666666667, 270.00000000000, 0.00000000000, 0.00000000000, 0.00000000000
 13593563908.78451920000, 0.00000000000, -0.00001468781, 10.13333333333, 271.00000000000, 0.00000000000, 0.00000000000, 0.00000000000
 15848931924.61026570000, 0.00000000000, -0.00001249408, 10.20000000000, 272.00000000000, 0.00000000000, 0.00000000000, 0.00000000000
 18478497974.22188570000, 0.00000000000, -0.00001053662, 10.26666666667, 273.00000000000, 0.00000000000, 0.00000000000, 0.00000000000
 21544346900.31763460000, 0.00000000000, -0.00000928899, 10.33333333333, 274.00000000000, 0.00000000000, 0.00000000000, 0.00000000000
 25118864315.09438320000, 0.00000000000, -0.00000804136, 10.40000000000, 275.00000000000, 0.00000000000, 0.00000000000, 0.00000000000
 29286445646.25069430000, 0.00000000000, -0.00000679373, 10.46666666667, 276.00000000000, 0.00000000000, 0.00000000000, 0.00000000000
 34145488738.33405300000, 0.00000000000, -0.00000581501, 10.53333333333, 277.00000000000, 0.00000000000, 0.00000000000, 0.00000000000
 39810717055.34741210000, 0.00000000000, -0.00000510546, 10.60000000000, 278.00000000000, 0.00000000000, 0.00000000000, 0.00000000000
 46415888336.12506860000, 0.00000000000, -0.00000439590, 10.66666666667, 279.00000000000, 0.00000000000, 0.00000000000, 0.00000000000
 54116952654.64316560000, 0.00000000000, -0.00000368634, 10.73333333333, 280.00000000000, 0.00000000000, 0.00000000000, 0.00000000000
 63095734448.01555630000, 0.00000000000, -0.00000320624, 10.80000000000, 281.00000000000, 0.00000000000, 0.00000000000, 0.00000000000
 73564225445.95970150000, 0.00000000000, -0.00000280270, 10.86666666667, 282.00000000000, 0.00000000000, 0.00000000000, 0.00000000000
 85769589859.08419790000, 0.00000000000, -0.00000239915, 10.93333333333, 283.00000000000, 0.00000000000, 0.00000000000, 0.00000000000
 99999999999.99386590000, 0.00000000000, -0.00000199561, 11.00000000000, 284.00000000000, 0.00000000000, 0.00000000000, 0.00000000000
 116591440117.97595200000, 0.00000000000, -0.00000176608, 11.06666666667, 285.00000000000, 0.00000000000, 0.00000000000, 0.00000000000
 135935639087.84407000000, 0.00000000000, -0.00000153658, 11.13333333333, 286.00000000000, 0.00000000000, 0.00000000000, 0.00000000000
 158489319246.10137900000, 0.00000000000, -0.00000130707, 11.20000000000, 287.00000000000, 0.00000000000, 0.00000000000, 0.00000000000
 184784979742.21734600000, 0.00000000000, -0.00000110230, 11.26666666667, 288.00000000000, 0.00000000000, 0.00000000000, 0.00000000000
 215443469003.17456000000, 0.00000000000, -0.00000097178, 11.33333333333, 289.00000000000, 0.00000000000, 0.00000000000, 0.00000000000
 251188643150.94177200000, 0.00000000000, -0.00000084125, 11.40000000000, 290.00000000000, 0.00000000000, 0.00000000000, 0.00000000000
 292864456462.50457700000, 0.00000000000, -0.00000071073, 11.46666666667, 291.00000000000, 0.00000000000, 0.00000000000, 0.00000000000
 341454887383.33770700000, 0.00000000000, -0.00000060834, 11.53333333333, 292.00000000000, 0.00000000000, 0.00000000000, 0.00000000000
 398107170553.47088600000, 0.00000000000, -0.00000053411, 11.60000000000, 293.00000000000, 0.00000000000, 0.00000000000, 0.00000000000
 464158883361.24688700000, 0.00000000000, -0.00000045988, 11.66666666667, 294.00000000000, 0.00000000000, 0.00000000000, 0.00000000000
 541169526546.42724600000, 0.00000000000, -0.00000038565, 11.73333333333, 295.00000000000, 0.00000000000, 0.00000000000, 0.00000000000
 630957344480.15039000000, 0.00000000000, -0.00000033542, 11.80000000000, 296.00000000000, 0.00000000000, 0.00000000000, 0.00000000000
 735642254459.59094200000, 0.00000000000, -0.00000029321, 11.86666666667, 297.00000000000, 0.00000000000, 0.00000000000, 0.00000000000
 857695898590.83496000000, 0.00000000000, -0.00000025099, 11.93333333333, 298.00000000000, 0.00000000000, 0.00000000000, 0.00000000000
 999999999999.93041900000, 0.00000000000, -0.00000020877, 12.00000000000, 299.00000000000, 0.00000000000, 0.00000000000, 0.00000000000
