f;Z';Z'';x;n;gamma;Z''_0;x_0;n_0;gamma_0;Z''_1;x_1;n_1;gamma_1
 0.00000001166; 33.93512461233; 0.00000000000; -7.93333333333; 0.00000000000; 0.00000003725; 0.00000000000; 0.00000003725; 43.75991843233; -0.00000000790; 0.00000000000; 0.00000003725; 42.46406376253; -0.00000024755
 0.00000001359; 33.93512461233; 0.00000000000; -7.86666666667; 1.00000000000; 0.00000004268; 0.00000000000; 0.00000004268; 43.75991843233; -0.00000000897; 0.00000000000; 0.00000004268; 42.46406376253; -0.00000027601
 0.00000001585; 33.93512461233; 0.00000000000; -7.80000000000; 2.00000000000; 0.00000002447; 0.00000000000; 0.00000002447; 43.75991843233; -0.00000001018; 0.00000000000; 0.00000002447; 42.46406376253; -0.00000030775
 0.00000001848; 33.93512461233; -0.00000000000; -7.73333333333; 3.00000000000; 0.00000001029; 0.00000000000; 0.00000001029; 43.75991843233; -0.00000001156; 0.00000000000; 0.00000001029; 42.46406376253; -0.00000034313
 0.00000002154; 33.93512461233; -0.00000000000; -7.66666666667; 4.00000000000; 0.00000003915; 0.00000000000; 0.00000003915; 43.75991843233; -0.00000001313; 0.00000000000; 0.00000003915; 42.46406376253; -0.00000038258
 0.00000002512; 33.93512461233; -0.00000000000; -7.60000000000; 5.00000000000; 0.00000005295; 0.00000000000; 0.00000005295; 43.75991843233; -0.00000001491; 0.00000000000; 0.00000005295; 42.46406376253; -0.00000042657
 0.00000002929; 33.93512461233; -0.00000000000; -7.53333333333; 6.00000000000; 0.00000004462; 0.00000000000; 0.00000004462; 43.75991843233; -0.00000001692; 0.00000000000; 0.00000004462; 42.46406376253; -0.00000047562
 0.00000003415; 33.93512461233; -0.00000000000; -7.46666666667; 7.00000000000; 0.00000001891; 0.00000000000; 0.00000001891; 43.75991843233; -0.00000001921; 0.00000000000; 0.00000001891; 42.46406376253; -0.00000053030
 0.00000003981; 33.93512461233; -0.00000000000; -7.40000000000; 8.00000000000; 0.00000001369; 0.00000000000; 0.00000001369; 43.75991843233; -0.00000002182; 0.00000000000; 0.00000001369; 42.46406376253; -0.00000059128
 0.00000004642; 33.93512461233; -0.00000000000; -7.33333333333; 9.00000000000; 0.00000003464; 0.00000000000; 0.00000003464; 43.75991843233; -0.00000002477; 0.00000000000; 0.00000003464; 42.46406376253; -0.00000065926
 0.00000005412; 33.93512461233; -0.00000000000; -7.26666666667; 10.00000000000; 0.00000003672; 0.00000000000; 0.00000003672; 43.75991843233; -0.00000002812; 0.00000000000; 0.00000003672; 42.46406376253; -0.00000073506
 0.00000006310; 33.93512461233; -0.00000000000; -7.20000000000; 11.00000000000; 0.00000001937; 0.00000000000; 0.00000001937; 43.75991843233; -0.00000003193; 0.00000000000; 0.00000001937; 42.46406376253; -0.00000081958
 0.00000007356; 33.93512461233; -0.00000000000; -7.13333333333; 12.00000000000; 0.00000000976; 0.00000000000; 0.00000000976; 43.75991843233; -0.00000003625; 0.00000000000; 0.00000000976; 42.46406376253; -0.00000091381
 0.00000008577; 33.93512461233; -0.00000000000; -7.06666666667; 13.00000000000; 0.00000003297; 0.00000000000; 0.00000003297; 43.75991843233; -0.00000004116; 0.00000000000; 0.00000003297; 42.46406376253; -0.00000101888
 0.00000010000; 33.93512461233; -0.00000000000; -7.00000000000; 14.00000000000; 0.00000003975; 0.00000000000; 0.00000003975; 43.75991843233; -0.00000004673; 0.00000000000; 0.00000003975; 42.46406376253; -0.00000113603
 0.00000011659; 33.93512461233; -0.00000000000; -6.93333333333; 15.00000000000; 0.00000002489; 0.00000000000; 0.00000002489; 43.75991843233; -0.00000005305; 0.00000000000; 0.00000002489; 42.46406376253; -0.00000126665
 0.00000013594; 33.93512461233; -0.00000000000; -6.86666666667; 16.00000000000; 0.00000000848; 0.00000000000; 0.00000000848; 43.75991843233; -0.00000006023; 0.00000000000; 0.00000000848; 42.46406376253; -0.00000141229
 0.00000015849; 33.93512461233; -0.00000000000; -6.80000000000; 17.00000000000; 0.00000004000; 0.00000000000; 0.00000004000; 43.75991843233; -0.00000006838; 0.00000000000; 0.00000004000; 42.46406376253; -0.00000157468
 0.00000018478; 33.93512461233; -0.00000000000; -6.73333333333; 18.00000000000; 0.00000005798; 0.00000000000; 0.00000005798; 43.75991843233; -0.00000007764; 0.00000000000; 0.00000005798; 42.46406376253; -0.00000175573
 0.00000021544; 33.93512461233; -0.00000000000; -6.66666666667; 19.00000000000; 0.00000005028; 0.00000000000; 0.00000005028; 43.75991843233; -0.00000008815; 0.00000000000; 0.00000005028; 42.46406376253; -0.00000195760
 0.00000025119; 33.93512461233; -0.00000000000; -6.60000000000; 20.00000000000; 0.00000001792; 0.00000000000; 0.00000001792; 43.75991843233; -0.00000010008; 0.00000000000; 0.00000001792; 42.46406376253; -0.00000218269
 0.00000029286; 33.93512461233; -0.00000000000; -6.53333333333; 21.00000000000; 0.00000003136; 0.00000000000; 0.00000003136; 43.75991843233; -0.00000011363; 0.00000000000; 0.00000003136; 42.46406376253; -0.00000243365
 0.00000034145; 33.93512461233; -0.00000000000; -6.46666666667; 22.00000000000; 0.00000007074; 0.00000000000; 0.00000007074; 43.75991843233; -0.00000012901; 0.00000000000; 0.00000007074; 42.46406376253; -0.00000271347
 0.00000039811; 33.93512461233; -0.00000000000; -6.40000000000; 23.00000000000; 0.00000008452; 0.00000000000; 0.00000008452; 43.75991843233; -0.00000014647; 0.00000000000; 0.00000008452; 42.46406376253; -0.00000302546
 0.00000046416; 33.93512461233; -0.00000000000; -6.33333333333; 24.00000000000; 0.00000006288; 0.00000000000; 0.00000006288; 43.75991843233; -0.00000016630; 0.00000000000; 0.00000006288; 42.46406376253; -0.00000337332
 0.00000054117; 33.93512461233; -0.00000000000; -6.26666666667; 25.00000000000; 0.00000001429; 0.00000000000; 0.00000001429; 43.75991843233; -0.00000018881; 0.00000000000; 0.00000001429; 42.46406376253; -0.00000376118
 0.00000063096; 33.93512461233; -0.00000000000; -6.20000000000; 26.00000000000; 0.00000005480; 0.00000000000; 0.00000005480; 43.75991843233; -0.00000021437; 0.00000000000; 0.00000005480; 42.46406376253; -0.00000419364
 0.00000073564; 33.93512461233; -0.00000000000; -6.13333333333; 27.00000000000; 0.00000010250; 0.00000000000; 0.00000010250; 43.75991843233; -0.00000024338; 0.00000000000; 0.00000010250; 42.46406376253; -0.00000467582
 0.00000085770; 33.93512461233; -0.00000000000; -6.06666666667; 28.00000000000; 0.00000011285; 0.00000000000; 0.00000011285; 43.75991843233; -0.00000027633; 0.00000000000; 0.00000011285; 42.46406376253; -0.00000521344
 0.00000100000; 33.93512461233; -0.00000000000; -6.00000000000; 29.00000000000; 0.00000007719; 0.00000000000; 0.00000007719; 43.75991843233; -0.00000031373; 0.00000000000; 0.00000007719; 42.46406376253; -0.00000581288
 0.00000116591; 33.93512461233; -0.00000000000; -5.93333333333; 30.00000000000; 0.00000001441; 0.00000000000; 0.00000001441; 43.75991843233; -0.00000035620; 0.00000000000; 0.00000001441; 42.46406376253; -0.00000648124
 0.00000135936; 33.93512461233; -0.00000000000; -5.86666666667; 31.00000000000; 0.00000007911; 0.00000000000; 0.00000007911; 43.75991843233; -0.00000040441; 0.00000000000; 0.00000007911; 42.46406376252; -0.00000722644
 0.00000158489; 33.93512461233; -0.00000000000; -5.80000000000; 32.00000000000; 0.00000013636; 0.00000000000; 0.00000013636; 43.75991843233; -0.00000045915; 0.00000000000; 0.00000013636; 42.46406376252; -0.00000805733
 0.00000184785; 33.93512461233; -0.00000000000; -5.73333333333; 33.00000000000; 0.00000014382; 0.00000000000; 0.00000014382; 43.75991843233; -0.00000052130; 0.00000000000; 0.00000014382; 42.46406376252; -0.00000898376
 0.00000215443; 33.93512461233; -0.00000000000; -5.66666666667; 34.00000000000; 0.00000009359; 0.00000000000; 0.00000009359; 43.75991843233; -0.00000059187; 0.00000000000; 0.00000009359; 42.46406376252; -0.00001001670
 0.00000251189; 33.93512461233; -0.00000000000; -5.60000000000; 35.00000000000; 0.00000001775; 0.00000000000; 0.00000001775; 43.75991843233; -0.00000067198; 0.00000000000; 0.00000001775; 42.46406376252; -0.00001116841
 0.00000292864; 33.93512461233; -0.00000000000; -5.53333333333; 36.00000000000; 0.00000010500; 0.00000000000; 0.00000010500; 43.75991843233; -0.00000076294; 0.00000000000; 0.00000010500; 42.46406376252; -0.00001245254
 0.00000341455; 33.93512461233; -0.00000000000; -5.46666666667; 37.00000000000; 0.00000017339; 0.00000000000; 0.00000017339; 43.75991843233; -0.00000086621; 0.00000000000; 0.00000017339; 42.46406376252; -0.00001388432
 0.00000398107; 33.93512461233; -0.00000000000; -5.40000000000; 38.00000000000; 0.00000017845; 0.00000000000; 0.00000017845; 43.75991843233; -0.00000098346; 0.00000000000; 0.00000017845; 42.46406376252; -0.00001548073
 0.00000464159; 33.93512461233; -0.00000000000; -5.33333333333; 39.00000000000; 0.00000011272; 0.00000000000; 0.00000011272; 43.75991843233; -0.00000111658; 0.00000000000; 0.00000011272; 42.46406376252; -0.00001726069
 0.00000541170; 33.93512461233; -0.00000000000; -5.26666666667; 40.00000000000; 0.00000002289; 0.00000000000; 0.00000002289; 43.75991843233; -0.00000126772; 0.00000000000; 0.00000002289; 42.46406376252; -0.00001924530
 0.00000630957; 33.93512461233; -0.00000000000; -5.20000000000; 41.00000000000; 0.00000013313; 0.00000000000; 0.00000013313; 43.75991843233; -0.00000143932; 0.00000000000; 0.00000013313; 42.46406376251; -0.00002145810
 0.00000735642; 33.93512461233; -0.00000000000; -5.13333333333; 42.00000000000; 0.00000021472; 0.00000000000; 0.00000021472; 43.75991843233; -0.00000163415; 0.00000000000; 0.00000021472; 42.46406376251; -0.00002392534
 0.00000857696; 33.93512461233; -0.00000000000; -5.06666666667; 43.00000000000; 0.00000021796; 0.00000000000; 0.00000021796; 43.75991843233; -0.00000185535; 0.00000000000; 0.00000021796; 42.46406376250; -0.00002667624
 0.00001000000; 33.93512461233; -0.00000000000; -5.00000000000; 44.00000000000; 0.00000013538; 0.00000000000; 0.00000013538; 43.75991843232; -0.00000210648; 0.00000000000; 0.00000013538; 42.46406376250; -0.00002974345
 0.00001165914; 33.93512461233; -0.00000000000; -4.93333333333; 45.00000000000; 0.00000002894; 0.00000000000; 0.00000002894; 43.75991843232; -0.00000239162; 0.00000000000; 0.00000002894; 42.46406376249; -0.00003316332
 0.00001359356; 33.93512461233; -0.00000000000; -4.86666666667; 46.00000000000; 0.00000016426; 0.00000000000; 0.00000016426; 43.75991843232; -0.00000271534; 0.00000000000; 0.00000016426; 42.46406376248; -0.00003697641
 0.00001584893; 33.93512461233; -0.00000000000; -4.80000000000; 47.00000000000; 0.00000026171; 0.00000000000; 0.00000026171; 43.75991843232; -0.00000308289; 0.00000000000; 0.00000026171; 42.46406376247; -0.00004122791
 0.00001847850; 33.93512461233; -0.00000000000; -4.73333333333; 48.00000000000; 0.00000026384; 0.00000000000; 0.00000026384; 43.75991843232; -0.00000350019; 0.00000000000; 0.00000026384; 42.46406376246; -0.00004596826
 0.00002154435; 33.93512461233; -0.00000000000; -4.66666666667; 49.00000000000; 0.00000016265; 0.00000000000; 0.00000016265; 43.75991843232; -0.00000397397; 0.00000000000; 0.00000016265; 42.46406376245; -0.00005125364
 0.00002511886; 33.93512461233; -0.00000000000; -4.60000000000; 50.00000000000; 0.00000003554; 0.00000000000; 0.00000003554; 43.75991843231; -0.00000451189; 0.00000000000; 0.00000003554; 42.46406376243; -0.00005714673
 0.00002928645; 33.93512461233; -0.00000000000; -4.53333333333; 51.00000000000; 0.00000019925; 0.00000000000; 0.00000019925; 43.75991843231; -0.00000512261; 0.00000000000; 0.00000019925; 42.46406376240; -0.00006371740
 0.00003414549; 33.93512461233; -0.00000000001; -4.46666666667; 52.00000000000; 0.00000031603; 0.00000000000; 0.00000031603; 43.75991843230; -0.00000581601; 0.00000000000; 0.00000031603; 42.46406376237; -0.00007104356
 0.00003981072; 33.93512461233; -0.00000000001; -4.40000000000; 53.00000000000; 0.00000031799; 0.00000000000; 0.00000031799; 43.75991843229; -0.00000660326; 0.00000000000; 0.00000031799; 42.46406376233; -0.00007921207
 0.00004641589; 33.93512461233; -0.00000000001; -4.33333333333; 54.00000000000; 0.00000019597; 0.00000000000; 0.00000019597; 43.75991843228; -0.00000749707; 0.00000000000; 0.00000019597; 42.46406376229; -0.00008831979
 0.00005411695; 33.93512461233; -0.00000000001; -4.26666666667; 55.00000000000; 0.00000004263; 0.00000000000; 0.00000004263; 43.75991843227; -0.00000851187; 0.00000000000; 0.00000004263; 42.46406376223; -0.00009847471
 0.00006309573; 33.93512461233; -0.00000000002; -4.20000000000; 56.00000000000; 0.00000023915; 0.00000000000; 0.00000023915; 43.75991843226; -0.00000966403; 0.00000000000; 0.00000023915; 42.46406376216; -0.00010979722
 0.00007356423; 33.93512461233; -0.00000000002; -4.13333333333; 57.00000000000; 0.00000037980; 0.00000000000; 0.00000037980; 43.75991843223; -0.00001097214; 0.00000000000; 0.00000037980; 42.46406376207; -0.00012242159
 0.00008576959; 33.93512461233; -0.00000000003; -4.06666666667; 58.00000000000; 0.00000038291; 0.00000000000; 0.00000038291; 43.75991843221; -0.00001245732; 0.00000000000; 0.00000038291; 42.46406376196; -0.00013649750
 0.00010000000; 33.93512461233; -0.00000000004; -4.00000000000; 59.00000000000; 0.00000023726; 0.00000000000; 0.00000023726; 43.75991843217; -0.00001414354; 0.00000000000; 0.00000023726; 42.46406376182; -0.00015219184
 0.00011659144; 33.93512461233; -0.00000000005; -3.93333333333; 60.00000000000; 0.00000005030; 0.00000000000; 0.00000005030; 43.75991843213; -0.00001605800; 0.00000000000; 0.00000005030; 42.46406376164; -0.00016969070
 0.00013593564; 33.93512461233; -0.00000000006; -3.86666666667; 61.00000000000; 0.00000028522; 0.00000000000; 0.00000028522; 43.75991843207; -0.00001823160; 0.00000000000; 0.00000028522; 42.46406376143; -0.00018920155
 0.00015848932; 33.93512461233; -0.00000000009; -3.80000000000; 62.00000000000; 0.00000045576; 0.00000000000; 0.00000045576; 43.75991843200; -0.00002069942; 0.00000000000; 0.00000045576; 42.46406376116; -0.00021095575
 0.00018478498; 33.93512461233; -0.00000000013; -3.73333333333; 63.00000000000; 0.00000046195; 0.00000000000; 0.00000046195; 43.75991843190; -0.00002350128; 0.00000000000; 0.00000046195; 42.46406376083; -0.00023521122
 0.00021544347; 33.93512461233; -0.00000000017; -3.66666666667; 64.00000000000; 0.00000028924; 0.00000000000; 0.00000028924; 43.75991843178; -0.00002668239; 0.00000000000; 0.00000028924; 42.46406376042; -0.00026225555
 0.00025118864; 33.93512461233; -0.00000000020; -3.60000000000; 65.00000000000; 0.00000005889; 0.00000000000; 0.00000005889; 43.75991843162; -0.00003029410; 0.00000000000; 0.00000005889; 42.46406375991; -0.00029240942
 0.00029286446; 33.93512461233; -0.00000000024; -3.53333333333; 66.00000000000; 0.00000033903; 0.00000000000; 0.00000033903; 43.75991843141; -0.00003439469; 0.00000000000; 0.00000033903; 42.46406375927; -0.00032603035
 0.00034145489; 33.93512461233; -0.00000000036; -3.46666666667; 67.00000000000; 0.00000054755; 0.00000000000; 0.00000054755; 43.75991843115; -0.00003905034; 0.00000000000; 0.00000054755; 42.46406375848; -0.00036351697
 0.00039810717; 33.93512461233; -0.00000000051; -3.40000000000; 68.00000000000; 0.00000055967; 0.00000000000; 0.00000055967; 43.75991843081; -0.00004433616; 0.00000000000; 0.00000055967; 42.46406375749; -0.00040531377
 0.00046415888; 33.93512461233; -0.00000000066; -3.33333333333; 69.00000000000; 0.00000035568; 0.00000000000; 0.00000035568; 43.75991843037; -0.00005033748; 0.00000000000; 0.00000035568; 42.46406375627; -0.00045191632
 0.00054116953; 33.93512461233; -0.00000000080; -3.26666666667; 70.00000000000; 0.00000006921; 0.00000000000; 0.00000006921; 43.75991842981; -0.00005715112; 0.00000000000; 0.00000006921; 42.46406375475; -0.00050387719
 0.00063095734; 33.93512461233; -0.00000000095; -3.20000000000; 71.00000000000; 0.00000040253; 0.00000000000; 0.00000040253; 43.75991842908; -0.00006488706; 0.00000000000; 0.00000040253; 42.46406375286; -0.00056181245
 0.00073564225; 33.93512461233; -0.00000000140; -3.13333333333; 72.00000000000; 0.00000066006; 0.00000000000; 0.00000066006; 43.75991842814; -0.00007367013; 0.00000000000; 0.00000066006; 42.46406375050; -0.00062640906
 0.00085769590; 33.93512461233; -0.00000000200; -3.06666666667; 73.00000000000; 0.00000068239; 0.00000000000; 0.00000068239; 43.75991842693; -0.00008364207; 0.00000000000; 0.00000068239; 42.46406374758; -0.00069843291
 0.00100000000; 33.93512461233; -0.00000000261; -3.00000000000; 74.00000000000; 0.00000044207; 0.00000000000; 0.00000044207; 43.75991842537; -0.00009496381; 0.00000000000; 0.00000044207; 42.46406374395; -0.00077873799
 0.00116591440; 33.93512461233; -0.00000000321; -2.93333333333; 75.00000000000; 0.00000008304; 0.00000000000; 0.00000008304; 43.75991842336; -0.00010781804; 0.00000000000; 0.00000008304; 42.46406373943; -0.00086827646
 0.00135935639; 33.93512461233; -0.00000000381; -2.86666666667; 76.00000000000; 0.00000047813; 0.00000000000; 0.00000047813; 43.75991842076; -0.00012241222; 0.00000000000; 0.00000047813; 42.46406373381; -0.00096810997
 0.00158489319; 33.93512461233; -0.00000000536; -2.80000000000; 77.00000000000; 0.00000079993; 0.00000000000; 0.00000079993; 43.75991841742; -0.00013898186; 0.00000000000; 0.00000079993; 42.46406372683; -0.00107942224
 0.00184784980; 33.93512461233; -0.00000000785; -2.73333333333; 78.00000000000; 0.00000083906; 0.00000000000; 0.00000083906; 43.75991841311; -0.00015779435; 0.00000000000; 0.00000083906; 42.46406371815; -0.00120353307
 0.00215443469; 33.93512461233; -0.00000001033; -2.66666666667; 79.00000000000; 0.00000055645; 0.00000000000; 0.00000055645; 43.75991840756; -0.00017915328; 0.00000000000; 0.00000055645; 42.46406370736; -0.00134191403
 0.00251188643; 33.93512461233; -0.00000001282; -2.60000000000; 80.00000000000; 0.00000010407; 0.00000000000; 0.00000010407; 43.75991840040; -0.00020340335; 0.00000000000; 0.00000010407; 42.46406369394; -0.00149620589
 0.00292864456; 33.93512461233; -0.00000001530; -2.53333333333; 81.00000000000; 0.00000056874; 0.00000000000; 0.00000056874; 43.75991839117; -0.00023093589; 0.00000000000; 0.00000056874; 42.46406367726; -0.00166823807
 0.00341454887; 33.93512461233; -0.00000002039; -2.46666666667; 82.00000000000; 0.00000097641; 0.00000000000; 0.00000097641; 43.75991837928; -0.00026219522; 0.00000000000; 0.00000097641; 42.46406365653; -0.00186005032
 0.00398107171; 33.93512461233; -0.00000003064; -2.40000000000; 83.00000000000; 0.00000104267; 0.00000000000; 0.00000104267; 43.75991836394; -0.00029768578; 0.00000000000; 0.00000104267; 42.46406363075; -0.00207391695
 0.00464158883; 33.93512461233; -0.00000004088; -2.33333333333; 84.00000000000; 0.00000071099; 0.00000000000; 0.00000071099; 43.75991834418; -0.00033798033; 0.00000000000; 0.00000071099; 42.46406359870; -0.00231237373
 0.00541169527; 33.93512461233; -0.00000005113; -2.26666666667; 85.00000000000; 0.00000013927; 0.00000000000; 0.00000013927; 43.75991831870; -0.00038372911; 0.00000000000; 0.00000013927; 42.46406355886; -0.00257824802
 0.00630957344; 33.93512461233; -0.00000006137; -2.20000000000; 86.00000000000; 0.00000067768; 0.00000000000; 0.00000067768; 43.75991828585; -0.00043567041; 0.00000000000; 0.00000067768; 42.46406350934; -0.00287469225
 0.00735642254; 33.93512461233; -0.00000007700; -2.13333333333; 87.00000000000; 0.00000120230; 0.00000000000; 0.00000120230; 43.75991824352; -0.00049464245; 0.00000000000; 0.00000120230; 42.46406344777; -0.00320522133
 0.00857695899; 33.93512461233; -0.00000011923; -2.06666666667; 88.00000000000; 0.00000131221; 0.00000000000; 0.00000131221; 43.75991818894; -0.00056159690; 0.00000000000; 0.00000131221; 42.46406337123; -0.00357375429
 0.01000000000; 33.93512461233; -0.00000016146; -2.00000000000; 89.00000000000; 0.00000092428; 0.00000000000; 0.00000092428; 43.75991811859; -0.00063761425; 0.00000000000; 0.00000092428; 42.46406327607; -0.00398466078
 0.01165914401; 33.93512461233; -0.00000020369; -1.93333333333; 90.00000000000; 0.00000020052; 0.00000000000; 0.00000020052; 43.75991802791; -0.00072392123; 0.00000000000; 0.00000020052; 42.46406315778; -0.00444281286
 0.01359356391; 33.93512461233; -0.00000024592; -1.86666666667; 91.00000000000; 0.00000080882; 0.00000000000; 0.00000080882; 43.75991791102; -0.00082191065; 0.00000000000; 0.00000080882; 42.46406301071; -0.00495364278
 0.01584893192; 33.93512461233; -0.00000028839; -1.80000000000; 92.00000000000; 0.00000149636; 0.00000000000; 0.00000149636; 43.75991776034; -0.00093316382; 0.00000000000; 0.00000149636; 42.46406282789; -0.00552320737
 0.01847849797; 33.93512461233; -0.00000046244; -1.73333333333; 93.00000000000; 0.00000167708; 0.00000000000; 0.00000167708; 43.75991756611; -0.00105947609; 0.00000000000; 0.00000167708; 42.46406260061; -0.00615825989
 0.02154434690; 33.93512461233; -0.00000063649; -1.66666666667; 94.00000000000; 0.00000122688; 0.00000000000; 0.00000122688; 43.75991731574; -0.00120288583; 0.00000000000; 0.00000122688; 42.46406231806; -0.00686633006
 0.02511886432; 33.93512461233; -0.00000081054; -1.60000000000; 95.00000000000; 0.00000030857; 0.00000000000; 0.00000030857; 43.75991699300; -0.00136570731; 0.00000000000; 0.00000030857; 42.46406196679; -0.00765581337
 0.02928644565; 33.93512461233; -0.00000098459; -1.53333333333; 96.00000000000; 0.00000096375; 0.00000000000; 0.00000096375; 43.75991657698; -0.00155056804; 0.00000000000; 0.00000096375; 42.46406153011; -0.00853607061
 0.03414548874; 33.93512461233; -0.00000115864; -1.46666666667; 97.00000000000; 0.00000188333; 0.00000000000; 0.00000188333; 43.75991604071; -0.00176045117; 0.00000000000; 0.00000188333; 42.46406098723; -0.00951753885
 0.03981071706; 33.93512461233; -0.00000178648; -1.40000000000; 98.00000000000; 0.00000217991; 0.00000000000; 0.00000217991; 43.75991534943; -0.00199874359; 0.00000000000; 0.00000217991; 42.46406031234; -0.01061185521
 0.04641588834; 33.93512461233; -0.00000250385; -1.33333333333; 99.00000000000; 0.00000166504; 0.00000000000; 0.00000166504; 43.75991445835; -0.00226929062; 0.00000000000; 0.00000166504; 42.46405947333; -0.01183199484
 0.05411695265; 33.93512461233; -0.00000322121; -1.26666666667; 100.00000000000; 0.00000049558; 0.00000000000; 0.00000049558; 43.75991330971; -0.00257645800; 0.00000000000; 0.00000049558; 42.46405843030; -0.01319242471
 0.06309573445; 33.93512461233; -0.00000393857; -1.20000000000; 101.00000000000; 0.00000114638; 0.00000000000; 0.00000114638; 43.75991182908; -0.00292520229; 0.00000000000; 0.00000114638; 42.46405713362; -0.01470927521
 0.07356422545; 33.93512461233; -0.00000465594; -1.13333333333; 102.00000000000; 0.00000240710; 0.00000000000; 0.00000240710; 43.75990992048; -0.00332115082; 0.00000000000; 0.00000240710; 42.46405552161; -0.01640053136
 0.08576958986; 33.93512461233; -0.00000687063; -1.06666666667; 103.00000000000; 0.00000289984; 0.00000000000; 0.00000289984; 43.75990746023; -0.00377069241; 0.00000000000; 0.00000289984; 42.46405351760; -0.01828624604
 0.10000000000; 33.93512461233; -0.00000982730; -1.00000000000; 104.00000000000; 0.00000233278; 0.00000000000; 0.00000233278; 43.75990428888; -0.00428108033; 0.00000000000; 0.00000233278; 42.46405102626; -0.02038877778
 0.11659144012; 33.93512461233; -0.00001278396; -0.93333333333; 105.00000000000; 0.00000083911; 0.00000000000; 0.00000083911; 43.75990020091; -0.00486054916; 0.00000000000; 0.00000083911; 42.46404792908; -0.02273305579
 0.13593563909; 33.93512461233; -0.00001574062; -0.86666666667; 106.00000000000; 0.00000132747; 0.00000000000; 0.00000132747; 43.75989493138; -0.00551844740; 0.00000000000; 0.00000132747; 42.46404407874; -0.02534687559
 0.15848931925; 33.93512461233; -0.00001869729; -0.80000000000; 107.00000000000; 0.00000309612; 0.00000000000; 0.00000309612; 43.75988813880; -0.00626538791; 0.00000000000; 0.00000309612; 42.46403929208; -0.02826122849
 0.18478497974; 33.93512461233; -0.00002628800; -0.73333333333; 108.00000000000; 0.00000391950; 0.00000000000; 0.00000391950; 43.75987938300; -0.00711341855; 0.00000000000; 0.00000391950; 42.46403334141; -0.03151066900
 0.21544346900; 33.93512461233; -0.00003847410; -0.66666666667; 109.00000000000; 0.00000333397; 0.00000000000; 0.00000333397; 43.75986809659; -0.00807621578; 0.00000000000; 0.00000333397; 42.46402594366; -0.03513372454
 0.25118864315; 33.93512461233; -0.00005066019; -0.60000000000; 110.00000000000; 0.00000141308; 0.00000000000; 0.00000141308; 43.75985354824; -0.00916930399; 0.00000000000; 0.00000141308; 42.46401674696; -0.03917335211
 0.29286445646; 33.93512461233; -0.00006284628; -0.53333333333; 111.00000000000; 0.00000153816; 0.00000000000; 0.00000153816; 43.75983479530; -0.01041030418; 0.00000000000; 0.00000153816; 42.46400531383; -0.04367744754
 0.34145488738; 33.93512461233; -0.00007503238; -0.46666666667; 112.00000000000; 0.00000411661; 0.00000000000; 0.00000411661; 43.75981062280; -0.01181921549; 0.00000000000; 0.00000411661; 42.46399110042; -0.04869941321
 0.39810717055; 33.93512461233; -0.00009998189; -0.40000000000; 113.00000000000; 0.00000555668; 0.00000000000; 0.00000555668; 43.75977946479; -0.01341873391; 0.00000000000; 0.00000555668; 42.46397343064; -0.05429879101
 0.46415888336; 33.93512461233; -0.00015020773; -0.33333333333; 114.00000000000; 0.00000510432; 0.00000000000; 0.00000510432; 43.75973930305; -0.01523461252; 0.00000000000; 0.00000510432; 42.46395146398; -0.06054196801
 0.54116952655; 33.93512461233; -0.00020043357; -0.26666666667; 115.00000000000; 0.00000268973; 0.00000000000; 0.00000268973; 43.75968753661; -0.01729606840; 0.00000000000; 0.00000268973; 42.46392415556; -0.06750296319
 0.63095734448; 33.93512461233; -0.00025065941; -0.20000000000; 116.00000000000; 0.00000141591; 0.00000000000; 0.00000141591; 43.75962081365; -0.01963624135; 0.00000000000; 0.00000141591; 42.46389020639; -0.07526430446
 0.73564225446; 33.93512461233; -0.00030088526; -0.13333333333; 117.00000000000; 0.00000516406; 0.00000000000; 0.00000516406; 43.75953481517; -0.02229270995; 0.00000000000; 0.00000516406; 42.46384800162; -0.08391800633
 0.85769589859; 33.93512461233; -0.00037760148; -0.06666666667; 118.00000000000; 0.00000762955; 0.00000000000; 0.00000762955; 43.75942397647; -0.02530807073; 0.00000000000; 0.00000762955; 42.46379553374; -0.09356665982
 1.00000000000; 33.93512461233; -0.00058461082; -0.00000000000; 119.00000000000; 0.00000750237; 0.00000000000; 0.00000750237; 43.75928112884; -0.02873058559; 0.00000000000; 0.00000750237; 42.46373030705; -0.10432464725
 1.16591440118; 33.93512461233; -0.00079162016; 0.06666666667; 120.00000000000; 0.00000439344; 0.00000000000; 0.00000439344; 43.75909703888; -0.03261490218; 0.00000000000; 0.00000439344; 42.46364921903; -0.11631949623
 1.35935639088; 33.93512461233; -0.00099862950; 0.13333333333; 121.00000000000; 0.00000165696; 0.00000000000; 0.00000165696; 43.75885981661; -0.03702285046; 0.00000000000; 0.00000165696; 42.46354841274; -0.12969338872
 1.58489319246; 33.93512461233; -0.00120563884; 0.20000000000; 122.00000000000; 0.00000766395; 0.00000000000; 0.00000766395; 43.75855415560; -0.04202431574; 0.00000000000; 0.00000766395; 42.46342309345; -0.14460484261
 1.84784979742; 33.93512461233; -0.00141419558; 0.26666666667; 123.00000000000; 0.00001253581; 0.00000000000; 0.00001253581; 43.75816035894; -0.04769818430; 0.00000000000; 0.00001253581; 42.46326730059; -0.16123058537
 2.15443469003; 33.93512461233; -0.00226739914; 0.33333333333; 124.00000000000; 0.00001402972; 0.00000000000; 0.00001402972; 43.75765309231; -0.05413335080; 0.00000000000; 0.00001402972; 42.46307362441; -0.17976764137
 2.51188643151; 33.93512461233; -0.00312060269; 0.40000000000; 125.00000000000; 0.00001109178; 0.00000000000; 0.00001109178; 43.75699979135; -0.06142976539; 0.00000000000; 0.00001109178; 42.46283285363; -0.20043565665
 2.92864456463; 33.93512461233; -0.00397380624; 0.46666666667; 126.00000000000; 0.00000433887; 0.00000000000; 0.00000433887; 43.75615863264; -0.06969948267; 0.00000000000; 0.00000433887; 42.46253353764; -0.22347948766
 3.41454887383; 33.93512461233; -0.00482700980; 0.53333333333; 127.00000000000; 0.00000540240; 0.00000000001; 0.00000540239; 43.75507595812; -0.07906764989; 0.00000000000; 0.00000540239; 42.46216144223; -0.24917208277
 3.98107170553; 33.93512461233; -0.00568021335; 0.60000000000; 128.00000000000; 0.00001298790; 0.00000000003; 0.00001298787; 43.75368302042; -0.08967333648; 0.00000000001; 0.00001298786; 42.46169887321; -0.27781768862
 4.64158883361; 33.93512461233; -0.00875950611; 0.66666666667; 129.00000000000; 0.00001603060; 0.00000000016; 0.00001603044; 43.75189189531; -0.10167005546; 0.00000000002; 0.00001603042; 42.46112383584; -0.30975541583
 5.41169526546; 33.93512461233; -0.01227604455; 0.73333333333; 130.00000000000; 0.00001185314; 0.00000000074; 0.00001185241; 43.74959038908; -0.11522575491; 0.00000000006; 0.00001185235; 42.46040899025; -0.34536320223
 6.30957344480; 33.93512461233; -0.01579258299; 0.80000000000; 131.00000000000; 0.00000233963; 0.00000000320; 0.00000233643; 43.74663576204; -0.13052195598; 0.00000000014; 0.00000233629; 42.45952035358; -0.38506221398
 7.35642254460; 33.93512461233; -0.01930912143; 0.86666666667; 132.00000000000; 0.00001892339; 0.00000001281; 0.00001891058; 43.74284710556; -0.14775157636; 0.00000000034; 0.00001891024; 42.45841568744; -0.42932172864
 8.57695898591; 33.93512461233; -0.02282565987; 0.93333333333; 133.00000000000; 0.00003896088; 0.00000004746; 0.00003891341; 43.73799626990; -0.16711479691; 0.00000000083; 0.00003891259; 42.45704249502; -0.47866454581
 10.00000000000; 33.93512461233; -0.03368875640; 1.00000000000; 134.00000000000; 0.00005546930; 0.00000016240; 0.00005530690; 43.73179737515; -0.18881210079; 0.00000000194; 0.00005530496; 42.45533553347; -0.53367297331
 11.65914401180; 33.93512461233; -0.04818241685; 1.06666666667; 135.00000000000; 0.00006343230; 0.00000051327; 0.00006291903; 43.72389519459; -0.21303334760; 0.00000000446; 0.00006291457; 42.45321372532; -0.59499543697
 13.59356390878; 33.93512461233; -0.06267607730; 1.13333333333; 136.00000000000; 0.00006031730; 0.00000149842; 0.00005881888; 43.71385314317; -0.23994147037; 0.00000001004; 0.00005880884; 42.45057632473; -0.66335376094
 15.84893192461; 33.93512461233; -0.07716973775; 1.20000000000; 137.00000000000; 0.00004772706; 0.00000404073; 0.00004368633; 43.70114231218; -0.26964917479; 0.00000002208; 0.00004366425; 42.44729816065; -0.73955116120
 18.47849797422; 33.93512461233; -0.09166339820; 1.26666666667; 138.00000000000; 0.00003214716; 0.00001006512; 0.00002208204; 43.68513404069; -0.30218702470; 0.00000004748; 0.00002203456; 42.44322373745; -0.82448098679
 21.54434690032; 33.93512461233; -0.12890043192; 1.33333333333; 139.00000000000; 0.00002422147; 0.00002315860; 0.00000106288; 43.66509993690; -0.33746176525; 0.00000009987; 0.00000096301; 42.43815992283; -0.91913622898
 25.11886431510; 33.93512461233; -0.18863707259; 1.40000000000; 140.00000000000; 0.00003793972; 0.00004921975; -0.00001128003; 43.64022495511; -0.37520504115; 0.00000020539; -0.00001148542; 42.43186689148; -1.02461979624
 29.28644564625; 33.93512461233; -0.24837371327; 1.46666666667; 141.00000000000; 0.00008781835; 0.00009662743; -0.00000880908; 43.60964072029; -0.41491527350; 0.00000041311; -0.00000922218; 42.42404691850; -1.14215551776
 34.14548873834; 33.93512461233; -0.30811035395; 1.53333333333; 142.00000000000; 0.00018326215; 0.00017522470; 0.00000803746; 43.57248693748; -0.45579975055; 0.00000081253; 0.00000722493; 42.41433052810; -1.27309978749
 39.81071705535; 33.93512461233; -0.36784699462; 1.60000000000; 143.00000000000; 0.00032686665; 0.00029351079; 0.00003335586; 43.52800702701; -0.49672988399; 0.00000156284; 0.00003179302; 42.40225939791; -1.41895368528
 46.41588833613; 33.93512461233; -0.49026196563; 1.66666666667; 144.00000000000; 0.00051201424; 0.00045413680; 0.00005787744; 43.47567831540; -0.53622890522; 0.00000293965; 0.00005493779; 42.38726529659; -1.58137530538
 54.11695265465; 33.93512461233; -0.73647073061; 1.73333333333; 145.00000000000; 0.00072204186; 0.00064905751; 0.00007298435; 43.41536590127; -0.57251511745; 0.00000540727; 0.00006757708; 42.36864419308; -1.76219187115
 63.09573444802; 33.93512461233; -0.98267949560; 1.80000000000; 146.00000000000; 0.00093148640; 0.00085686721; 0.00007461919; 43.34747359824; -0.60362059534; 0.00000972662; 0.00006489257; 42.34552452033; -1.96341100458
 73.56422544596; 33.93512461233; -1.22888826059; 1.86666666667; 147.00000000000; 0.00110921535; 0.00104490722; 0.00006430814; 43.27305012486; -0.62759048829; 0.00001710994; 0.00004719820; 42.31682841298; -2.18723022809
 85.76958985909; 33.93512461233; -1.47509702557; 1.93333333333; 148.00000000000; 0.00122295326; 0.00117699820; 0.00004595506; 43.19380323782; -0.64274147602; 0.00002943317; 0.00001652189; 42.28122457754; -2.43604337963
 100.00000000000; 33.93512461233; -1.76077983790; 2.00000000000; 149.00000000000; 0.00124449661; 0.00122463800; 0.00001985861; 43.11198838358; -0.64792733489; 0.00004951399; -0.00002965538; 42.23707131902; -2.71244208583
 116.59144011798; 33.93512461233; -2.45282061478; 2.06666666667; 150.00000000000; 0.00115504323; 0.00117699203; -0.00002194880; 43.03017361589; -0.64274079614; 0.00008145560; -0.00010340440; 42.18234817713; -3.01920972568
 135.93563908785; 33.93512461233; -3.14486139166; 2.13333333333; 151.00000000000; 0.00095135921; 0.00104489627; -0.00009353706; 42.95092697769; -0.62758918143; 0.00013104370; -0.00022458076; 42.11457467834; -3.35930438348
 158.48931924611; 33.93512461233; -3.95158723405; 2.20000000000; 152.00000000000; 0.00066176996; 0.00085685374; -0.00019508379; 42.87650388587; -0.60361875758; 0.00020616436; -0.00040124815; 42.03071498382; -3.73582609384
 184.78497974223; 33.93512461233; -4.87213318909; 2.26666666667; 153.00000000000; 0.00044588803; 0.00064904391; -0.00020315589; 42.80861205584; -0.57251287185; 0.00031718543; -0.00052034131; 41.92706784704; -4.15196219037
 215.44346900318; 33.93512461233; -5.79322388911; 2.33333333333; 154.00000000000; 0.00069066154; 0.00045412491; 0.00023653663; 42.74830016187; -0.53622638382; 0.00047721608; -0.00024067945; 41.79914249414; -4.61090278323
 251.18864315095; 33.93512461233; -6.89575805208; 2.40000000000; 155.00000000000; 0.00123103430; 0.00029350157; 0.00093753273; 42.69597197777; -0.49672721225; 0.00070213254; 0.00023540019; 41.64152308616; -5.11571637315
 292.86445646252; 33.93512461233; -7.99829221504; 2.46666666667; 156.00000000000; 0.00186297979; 0.00017521827; 0.00168776152; 42.65149257136; -0.45579703685; 0.00101024182; 0.00067751970; 41.44772767982; -5.66917354848
 341.45488738335; 33.93512461233; -9.20067345337; 2.53333333333; 157.00000000000; 0.00253396422; 0.00009662338; 0.00243734084; 42.61433924881; -0.41491260390; 0.00142145717; 0.00101588367; 41.21007250861; -6.27350499937
 398.10717055349; 33.93512461233; -10.50362831683; 2.60000000000; 158.00000000000; 0.00322784379; 0.00004921743; 0.00317862636; 42.58375541963; -0.37520247870; 0.00195588996; 0.00122273641; 40.91955940277; -6.93007943737
 464.15888336127; 33.93512461233; -11.80658318030; 2.66666666667; 159.00000000000; 0.00394583011; 0.00002315738; 0.00392267272; 42.55888078561; -0.33745935203; 0.00263182650; 0.00129084623; 40.56581356125; -7.63898860526
 541.16952654646; 33.93512461233; -13.23999986776; 2.73333333333; 160.00000000000; 0.00470178096; 0.00001006454; 0.00469171642; 42.53884697354; -0.30218478546; 0.00346315791; 0.00122855851; 40.13711056406; -8.39853215749
 630.95734448018; 33.93512461233; -14.67414354746; 2.80000000000; 161.00000000000; 0.00551793460; 0.00000404047; 0.00551389413; 42.52283894261; -0.26964712085; 0.00445645508; 0.00105743905; 39.62054444947; -9.20460712698
 735.64225445963; 33.93512461233; -16.11156341010; 2.86666666667; 162.00000000000; 0.00641925789; 0.00000149832; 0.00641775957; 42.51012830734; -0.23993960329; 0.00560801250; 0.00080974707; 39.00240027684; -10.05002760550
 857.69589859088; 33.93512461233; -17.55223418689; 2.93333333333; 163.00000000000; 0.00742664110; 0.00000051323; 0.00742612787; 42.50008641352; -0.21303166225; 0.00690129534; 0.00052483253; 38.26879990176; -10.92383223828
 999.99999999999; 33.93512461233; -18.99215400932; 3.00000000000; 164.00000000000; 0.00854980394; 0.00000016239; 0.00854964155; 42.49218435879; -0.18881058777; 0.00830528335; 0.00024435821; 37.40668094906; -11.81067999437
 1165.91440117982; 33.93512461233; -20.31275284198; 3.06666666667; 165.00000000000; 0.00978103294; 0.00000004746; 0.00978098548; 42.48598556389; -0.16711344436; 0.00977418364; 0.00000680185; 36.40513625428; -12.69048336171
 1359.35639087851; 33.93512461233; -21.63335167463; 3.13333333333; 166.00000000000; 0.01109090897; 0.00000001281; 0.01109089615; 42.48113480705; -0.14775037126; 0.01124886579; -0.00015796964; 35.25707513281; -13.53846971593
 1584.89319246109; 33.93512461233; -22.78965351311; 3.20000000000; 167.00000000000; 0.01242702045; 0.00000000320; 0.01242701725; 42.47734621256; -0.13052088501; 0.01266015949; -0.00023314224; 33.96106627080; -14.32587393874
 1847.84979742227; 33.93512461233; -23.77933714755; 3.26666666667; 168.00000000000; 0.01371629768; 0.00000000074; 0.01371629694; 42.47439163412; -0.11522480506; 0.01393387206; -0.00021757512; 32.52309770680; -15.02142032103
 2154.43469003186; 33.93512461233; -24.76656676900; 3.33333333333; 169.00000000000; 0.01487107640; 0.00000000016; 0.01487107624; 42.47209016590; -0.10166921432; 0.01499707836; -0.00012600212; 30.95787765963; -15.59362676182
 2511.88643150955; 33.93512461233; -25.21604065381; 3.40000000000; 170.00000000000; 0.01579837553; 0.00000000003; 0.01579837550; 42.47029907047; -0.08967259252; 0.01578496790; 0.00001340760; 29.28925649356; -16.01376109220
 2928.64456462521; 33.93512461233; -25.66551453861; 3.46666666667; 171.00000000000; 0.01641125717; 0.00000000001; 0.01641125717; 42.46890615591; -0.07906699250; 0.01624736533; 0.00016389183; 27.54943147668; -16.25904219348
 3414.54887383357; 32.24638741998; -25.72347583637; 3.53333333333; 172.00000000000; 0.01664064709; 0.00000000000; 0.01664064709; 42.46782349940; -0.06969890218; 0.01635401490; 0.00028663219; 25.77682447340; -16.31549425119
 3981.07170553494; 28.89956336568; -25.39703044266; 3.60000000000; 173.00000000000; 0.01644574506; 0.00000000000; 0.01644574506; 42.46698235472; -0.06142925311; 0.01609785579; 0.00034788927; 24.01285349781; -16.17982918215
 4641.58883361274; 25.55273931137; -25.07058504895; 3.66666666667; 174.00000000000; 0.01582122711; 0.00000000000; 0.01582122711; 42.46632906465; -0.05413289891; 0.01549579551; 0.00032543160; 22.29813929883; -15.85990361685
 5411.69526546459; 22.56454236213; -24.05154068321; 3.73333333333; 175.00000000000; 0.01479985853; 0.00000000000; 0.01479985853; 42.46582180650; -0.04769778582; 0.01458686356; 0.00021299497; 20.66886427013; -15.37363583445
 6309.57344480188; 19.57676787118; -23.03168044443; 3.80000000000; 176.00000000000; 0.01344984880; 0.00000000000; 0.01344984880; 42.46542801642; -0.04202396444; 0.01342802575; 0.00002182305; 19.15395272953; -14.74665148519
 7356.42254459636; 16.87730068250; -21.80218245125; 3.86666666667; 177.00000000000; 0.01186716705; 0.00000000000; 0.01186716705; 42.46512236052; -0.03702254083; 0.01208828276; -0.00022111572; 17.77349138496; -14.00920741994
 8576.95898590888; 14.51773488803; -20.32553093669; 3.93333333333; 178.00000000000; 0.01016393123; 0.00000000000; 0.01016393123; 42.46488514222; -0.03261462931; 0.01064190201; -0.00047797078; 16.53846758570; -13.19302826922
 9999.99999999994; 12.15816909355; -18.84887942212; 4.00000000000; 179.00000000000; 0.00845470072; 0.00000000000; 0.00845470072; 42.46470105534; -0.02873034515; 0.00916170073; -0.00070700001; 15.45160418245; -12.32858416366
 11659.14401179824; 10.50028181222; -17.31996071266; 4.06666666667; 180.00000000000; 0.00684288570; 0.00000000000; 0.00684288570; 42.46455821010; -0.02530785889; 0.00771320985; -0.00087032415; 14.50890115265; -11.44311942463
 13593.56390878516; 8.84943942091; -15.79051723775; 4.13333333333; 181.00000000000; 0.00540944940; 0.00000000000; 0.00540944940; 42.46444737325; -0.02229252332; 0.00635033145; -0.00094088205; 13.70147002792; -10.55951053832
 15848.93192461101; 7.47096019568; -14.34710405103; 4.20000000000; 182.00000000000; 0.00420563008; 0.00000000000; 0.00420563008; 42.46436137622; -0.01963607693; 0.00511281219; -0.00090718212; 13.01732635659; -9.69585825313
 18478.49797422276; 6.36236820947; -12.98893909112; 4.26666666667; 183.00000000000; 0.00325065653; 0.00000000000; 0.00325065653; 42.46429465438; -0.01729592357; 0.00402555243; -0.00077489590; 12.44292818426; -8.86562838786
 21544.34690031865; 5.25377622326; -11.63077413120; 4.33333333333; 184.00000000000; 0.00253453970; 0.00000000000; 0.00253453970; 42.46424288880; -0.01523448493; 0.00309951209; -0.00056497239; 11.96436634666; -8.07813806905
 25118.86431509556; 4.53177582471; -10.51435209201; 4.40000000000; 185.00000000000; 0.00202510385; 0.00000000000; 0.00202510385; 42.46420272774; -0.01341862152; 0.00233379864; -0.00030869479; 11.56819965349; -7.33921179135
 29286.44564625207; 3.80989952319; -9.39800765299; 4.46666666667; 186.00000000000; 0.00167748963; 0.00000000000; 0.00167748963; 42.46417157025; -0.01181911650; 0.00171844498; -0.00004095535; 11.24197934815; -6.65187839566
 34145.48873833566; 3.20836369492; -8.40412374386; 4.53333333333; 187.00000000000; 0.00144371957; 0.00000000000; 0.00144371957; 42.46414739815; -0.01041021698; 0.00123739991; 0.00020631966; 10.97452875964; -6.01702739116
 39810.71705534928; 2.72772842029; -7.53327031202; 4.60000000000; 188.00000000000; 0.00128033997; 0.00000000000; 0.00128033997; 42.46412864553; -0.00916922719; 0.00087133815; 0.00040900182; 10.75604587283; -5.43398166642
 46415.88833612725; 2.24718940297; -6.66255255076; 4.66666666667; 189.00000000000; 0.00115343947; 0.00000000000; 0.00115343947; 42.46411409742; -0.00807614813; 0.00060001979; 0.00055341968; 10.57808785564; -4.90097087026
 54116.95265464571; 1.91053053797; -5.99462771303; 4.73333333333; 190.00000000000; 0.00104102290; 0.00000000000; 0.00104102290; 42.46410281120; -0.00711335897; 0.00040406071; 0.00063696219; 10.43348398094; -4.41550662576
 63095.73444801853; 1.57387167297; -5.32670287529; 4.80000000000; 191.00000000000; 0.00093273317; 0.00000000000; 0.00093273317; 42.46409405554; -0.00626533542; 0.00026609081; 0.00066664236; 10.31621075899; -3.97466973698
 73564.22544596317; 1.28267131911; -4.74722925603; 4.86666666667; 192.00000000000; 0.00082729377; 0.00000000000; 0.00082729377; 42.46408726308; -0.00551840118; 0.00017136232; 0.00065593145; 10.22125230669; -3.57532323524
 85769.58985908823; 1.03689858671; -4.25614675144; 4.93333333333; 193.00000000000; 0.00072865637; 0.00000000000; 0.00072865637; 42.46408199364; -0.00486050845; 0.00010792026; 0.00062073611; 10.14446059643; -3.21426560190
 99999.99999999857; 0.79112585431; -3.76506424686; 5.00000000000; 194.00000000000; 0.00064208026; 0.00000000000; 0.00064208026; 42.46407790573; -0.00428104447; 0.00006646497; 0.00057561529; 10.08242414635; -2.88833730406
 116591.44011798144; 0.54535312191; -3.38476606263; 5.06666666667; 195.00000000000; 0.00057114852; 0.00000000000; 0.00057114852; 42.46407473444; -0.00377066082; 0.00004002993; 0.00053111859; 10.03234954626; -2.59449185739
 135935.63908785046; 0.29958038951; -3.00464427429; 5.13333333333; 196.00000000000; 0.00051624271; 0.00000000000; 0.00051624271; 42.46407227423; -0.00332112300; 0.00002357649; 0.00049266622; 9.99195750693; -2.32984055339
 158489.31924610882; 0.05380765712; -2.69873522319; 5.20000000000; 197.00000000000; 0.00047448912; 0.00000000000; 0.00047448912; 42.46407036567; -0.00292517778; 0.00001357924; 0.00046090987; 9.95939346480; -2.09167805274
 184784.97974222605; 0.00000000000; -2.42982844476; 5.26666666667; 198.00000000000; 0.00044083690; 0.00000000000; 0.00044083690; 42.46406888505; -0.00257643642; 0.00000764846; 0.00043318844; 9.93315183810; -1.87749437898
 215443.46900318470; 0.00000000000; -2.16092166633; 5.33333333333; 199.00000000000; 0.00040974044; 0.00000000000; 0.00040974044; 42.46406773644; -0.00226927161; 0.00000421284; 0.00040552760; 9.91201256671; -1.68497747997
 251188.64315095361; 0.00000000000; -1.89207031796; 5.40000000000; 200.00000000000; 0.00037683088; 0.00000000000; 0.00037683088; 42.46406684537; -0.00199872685; 0.00000226923; 0.00037456165; 9.89498839965; -1.51200944264
 292864.45646251837; 0.00000000000; -1.71528493181; 5.46666666667; 201.00000000000; 0.00034002609; 0.00000000000; 0.00034002609; 42.46406615411; -0.00176043642; 0.00000119532; 0.00033883077; 9.88128140173; -1.35665860914
 341454.88738335378; 0.00000000000; -1.53849954565; 5.53333333333; 202.00000000000; 0.00029978411; 0.00000000000; 0.00029978411; 42.46406561785; -0.00155055505; 0.00000061573; 0.00029916838; 9.87024725384; -1.21716920861
 398107.17055348959; 0.00000000000; -1.36171415949; 5.60000000000; 203.00000000000; 0.00025853709; 0.00000000000; 0.00025853709; 42.46406520183; -0.00136569587; 0.00000031017; 0.00025822692; 9.86136607048; -1.09194964461
 464158.88336126873; 0.00000000000; -1.20515142556; 5.66666666667; 204.00000000000; 0.00021960352; 0.00000000000; 0.00021960352; 42.46406487910; -0.00120287576; 0.00000015280; 0.00021945072; 9.85421862217; -0.97956022887
 541169.52654645266; 0.00000000000; -1.08892872213; 5.73333333333; 205.00000000000; 0.00018599733; 0.00000000000; 0.00018599733; 42.46406462873; -0.00105946721; 0.00000007361; 0.00018592373; 9.84846701148; -0.87870089741
 630957.34448018007; 0.00000000000; -0.97270601870; 5.80000000000; 206.00000000000; 0.00015952296; 0.00000000000; 0.00015952296; 42.46406443450; -0.00093315600; 0.00000003468; 0.00015948828; 9.84383900070; -0.78819926109
 735642.25445962558; 0.00000000000; -0.85648331528; 5.86666666667; 207.00000000000; 0.00014038678; 0.00000000000; 0.00014038678; 42.46406428382; -0.00082190377; 0.00000001598; 0.00014037080; 9.84011532183; -0.70699921190
 857695.89859087532; 0.00000000000; -0.76682631084; 5.93333333333; 208.00000000000; 0.00012733608; 0.00000000000; 0.00012733608; 42.46406416693; -0.00072391517; 0.00000000720; 0.00012732888; 9.83711941474; -0.63415021366
 999999.99999997753; 0.00000000000; -0.69041888212; 6.00000000000; 209.00000000000; 0.00011818233; 0.00000000000; 0.00011818233; 42.46406407625; -0.00063760891; 0.00000000317; 0.00011817916; 9.83470913766; -0.56879734199
 1165914.40117980493; 0.00000000000; -0.61401145340; 6.06666666667; 210.00000000000; 0.00011052295; 0.00000000000; 0.00011052295; 42.46406400591; -0.00056159220; 0.00000000137; 0.00011052159; 9.83277007642; -0.51017209426
 1359356.39087849367; 0.00000000000; -0.53761802464; 6.13333333333; 211.00000000000; 0.00010244672; 0.00000000000; 0.00010244672; 42.46406395133; -0.00049463831; 0.00000000058; 0.00010244615; 9.83121014767; -0.45758396138
 1584893.19246107526; 0.00000000000; -0.48738605625; 6.20000000000; 212.00000000000; 0.00009299592; 0.00000000000; 0.00009299592; 42.46406390900; -0.00043566676; 0.00000000024; 0.00009299569; 9.82995524834; -0.41041273427
 1847849.79742224538; 0.00000000000; -0.43715408787; 6.26666666667; 213.00000000000; 0.00008225291; 0.00000000000; 0.00008225291; 42.46406387615; -0.00038372589; 0.00000000010; 0.00008225281; 9.82894574981; -0.36810150672
 2154434.69003182929; 0.00000000000; -0.38692211949; 6.33333333333; 214.00000000000; 0.00007107647; 0.00000000000; 0.00007107647; 42.46406385068; -0.00033797750; 0.00000000004; 0.00007107643; 9.82813367395; -0.33015032952
 2511886.43150951527; 0.00000000000; -0.34243508433; 6.40000000000; 215.00000000000; 0.00006063367; 0.00000000000; 0.00006063367; 42.46406383091; -0.00029768329; 0.00000000001; 0.00006063365; 9.82748041892; -0.29611046844
 2928644.56462515937; 0.00000000000; -0.30941145443; 6.46666666667; 216.00000000000; 0.00005191819; 0.00000000000; 0.00005191819; 42.46406381558; -0.00026219302; 0.00000000001; 0.00005191819; 9.82695492812; -0.26557921772
 3414548.87383351010; 0.00000000000; -0.27638782453; 6.53333333333; 217.00000000000; 0.00004541866; 0.00000000000; 0.00004541866; 42.46406380368; -0.00023093396; 0.00000000000; 0.00004541866; 9.82653221629; -0.23819522195
 3981071.70553486329; 0.00000000000; -0.24336419464; 6.60000000000; 218.00000000000; 0.00004101540; 0.00000000000; 0.00004101540; 42.46406379445; -0.00020340165; 0.00000000000; 0.00004101540; 9.82619218317; -0.21363426141
 4641588.83361264877; 0.00000000000; -0.21788821145; 6.66666666667; 219.00000000000; 0.00003809074; 0.00000000000; 0.00003809074; 42.46406378729; -0.00017915178; 0.00000000000; 0.00003809074; 9.82591865879; -0.19160545819
 5411695.26546448283; 0.00000000000; -0.19617773172; 6.73333333333; 220.00000000000; 0.00003578683; 0.00000000000; 0.00003578683; 42.46406378174; -0.00015779303; 0.00000000000; 0.00003578683; 9.82569863518; -0.17184786366
 6309573.44480174966; 0.00000000000; -0.17446725198; 6.80000000000; 221.00000000000; 0.00003331985; 0.00000000000; 0.00003331985; 42.46406377743; -0.00013898069; 0.00000000000; 0.00003331985; 9.82552164824; -0.15412739063
 7356422.54459619522; 0.00000000000; -0.15276025297; 6.86666666667; 222.00000000000; 0.00003023586; 0.00000000000; 0.00003023586; 42.46406377409; -0.00012241120; 0.00000000000; 0.00003023586; 9.82537928031; -0.13823405680
 8576958.98590868339; 0.00000000000; -0.13848729352; 6.93333333333; 223.00000000000; 0.00002651625; 0.00000000000; 0.00002651625; 42.46406377150; -0.00010781714; 0.00000000000; 0.00002651625; 9.82526476008; -0.12397950862
 9999999.99999969267; 0.00000000000; -0.12421433407; 7.00000000000; 224.00000000000; 0.00002251130; 0.00000000000; 0.00002251130; 42.46406376949; -0.00009496301; 0.00000000000; 0.00002251130; 9.82517264056; -0.11119479790
 11659144.01179795340; 0.00000000000; -0.10994137462; 7.06666666667; 225.00000000000; 0.00001874950; 0.00000000000; 0.00001874950; 42.46406376793; -0.00008364137; 0.00000000000; 0.00001874950; 9.82509854017; -0.09972838569
 13593563.90878482350; 0.00000000000; -0.09730045909; 7.13333333333; 226.00000000000; 0.00001571009; 0.00000000000; 0.00001571009; 42.46406376671; -0.00007366952; 0.00000000000; 0.00001571009; 9.82503893430; -0.08944435067
 15848931.92461062220; 0.00000000000; -0.08791709336; 7.20000000000; 227.00000000000; 0.00001364891; 0.00000000000; 0.00001364891; 42.46406376578; -0.00006488652; 0.00000000000; 0.00001364891; 9.82499098779; -0.08022078120
 18478497.97422230240; 0.00000000000; -0.07853372764; 7.26666666667; 228.00000000000; 0.00001252929; 0.00000000000; 0.00001252929; 42.46406376505; -0.00005715065; 0.00000000000; 0.00001252929; 9.82495241998; -0.07194833257
 21544346.90031811600; 0.00000000000; -0.06915036192; 7.33333333333; 229.00000000000; 0.00001205562; 0.00000000000; 0.00001205562; 42.46406376448; -0.00005033706; 0.00000000000; 0.00001205562; 9.82492139636; -0.06452893234
 25118864.31509494780; 0.00000000000; -0.06191137682; 7.40000000000; 230.00000000000; 0.00001178827; 0.00000000000; 0.00001178827; 42.46406376404; -0.00004433579; 0.00000000000; 0.00001178827; 9.82489644123; -0.05787461899
 29286445.64625135440; 0.00000000000; -0.05574254039; 7.46666666667; 231.00000000000; 0.00001130948; 0.00000000000; 0.00001130948; 42.46406376370; -0.00003905001; 0.00000000000; 0.00001130948; 9.82487636754; -0.05190649994
 34145488.73833481970; 0.00000000000; -0.04957370395; 7.53333333333; 232.00000000000; 0.00001037284; 0.00000000000; 0.00001037284; 42.46406376344; -0.00003439441; 0.00000000000; 0.00001037284; 9.82486022045; -0.04655381684
 39810717.05534830690; 0.00000000000; -0.04340571524; 7.60000000000; 233.00000000000; 0.00000897308; 0.00000000000; 0.00000897308; 42.46406376323; -0.00003029385; 0.00000000000; 0.00000897308; 9.82484723188; -0.04175310712
 46415888.33612611150; 0.00000000000; -0.03935018292; 7.66666666667; 234.00000000000; 0.00000731788; 0.00000000000; 0.00000731788; 42.46406376308; -0.00002668217; 0.00000000000; 0.00000731788; 9.82483678400; -0.03744745194
 54116952.65464438500; 0.00000000000; -0.03529465060; 7.73333333333; 235.00000000000; 0.00000572382; 0.00000000000; 0.00000572382; 42.46406376295; -0.00002350108; 0.00000000000; 0.00000572382; 9.82482837982; -0.03358580153
 63095734.44801697880; 0.00000000000; -0.03123911827; 7.80000000000; 236.00000000000; 0.00000448307; 0.00000000000; 0.00000448307; 42.46406376286; -0.00002069924; 0.00000000000; 0.00000448307; 9.82482161958; -0.03012237012
 73564225.44596135620; 0.00000000000; -0.02764722358; 7.86666666667; 237.00000000000; 0.00000375867; 0.00000000000; 0.00000375867; 42.46406376278; -0.00001823145; 0.00000000000; 0.00000375867; 9.82481618171; -0.02701609322
 85769589.85908612610; 0.00000000000; -0.02498102509; 7.93333333333; 238.00000000000; 0.00000354785; 0.00000000000; 0.00000354785; 42.46406376273; -0.00001605787; 0.00000000000; 0.00000354785; 9.82481180754; -0.02423014080
 99999999.99999611080; 0.00000000000; -0.02231482659; 8.00000000000; 239.00000000000; 0.00000369469; 0.00000000000; 0.00000369469; 42.46406376268; -0.00001414342; 0.00000000000; 0.00000369469; 9.82480828900; -0.02173148067
 116591440.11797881100; 0.00000000000; -0.01964862810; 8.06666666667; 240.00000000000; 0.00000393989; 0.00000000000; 0.00000393989; 42.46406376265; -0.00001245722; 0.00000000000; 0.00000393989; 9.82480545872; -0.01949048691
 135935639.08784741200; 0.00000000000; -0.01759167490; 8.13333333333; 241.00000000000; 0.00000402360; 0.00000000000; 0.00000402360; 42.46406376262; -0.00001097205; 0.00000000000; 0.00000402360; 9.82480318207; -0.01748058862
 158489319.24610525400; 0.00000000000; -0.01583885582; 8.20000000000; 242.00000000000; 0.00000378729; 0.00000000000; 0.00000378729; 42.46406376260; -0.00000966395; 0.00000000000; 0.00000378729; 9.82480135075; -0.01567795488
 184784979.74222189200; 0.00000000000; -0.01408603675; 8.26666666667; 243.00000000000; 0.00000322216; 0.00000000000; 0.00000322216; 42.46406376258; -0.00000851179; 0.00000000000; 0.00000322216; 9.82479987766; -0.01406121223
 215443469.00317984800; 0.00000000000; -0.01233341840; 8.33333333333; 244.00000000000; 0.00000245592; 0.00000000000; 0.00000245592; 42.46406376257; -0.00000749701; 0.00000000000; 0.00000245592; 9.82479869272; -0.01261119126
 251188643.15094792800; 0.00000000000; -0.01118107558; 8.40000000000; 245.00000000000; 0.00000169085; 0.00000000000; 0.00000169085; 42.46406376256; -0.00000660320; 0.00000000000; 0.00000169085; 9.82479773957; -0.01131069934
 292864456.46251177800; 0.00000000000; -0.01002873275; 8.46666666667; 246.00000000000; 0.00000111664; 0.00000000000; 0.00000111664; 42.46406376255; -0.00000581596; 0.00000000000; 0.00000111664; 9.82479697286; -0.01014431676
 341454887.38334608100; 0.00000000000; -0.00887638993; 8.53333333333; 247.00000000000; 0.00000083281; 0.00000000000; 0.00000083281; 42.46406376255; -0.00000512257; 0.00000000000; 0.00000083281; 9.82479635613; -0.00909821391
 398107170.55348062500; 0.00000000000; -0.00785575915; 8.60000000000; 248.00000000000; 0.00000084378; 0.00000000000; 0.00000084378; 42.46406376254; -0.00000451185; 0.00000000000; 0.00000084378; 9.82479586004; -0.00815998731
 464158883.36125826800; 0.00000000000; -0.00709818296; 8.66666666667; 249.00000000000; 0.00000107860; 0.00000000000; 0.00000107860; 42.46406376254; -0.00000397394; 0.00000000000; 0.00000107860; 9.82479546099; -0.00731851255
 541169526.54644048200; 0.00000000000; -0.00634060678; 8.73333333333; 250.00000000000; 0.00000137370; 0.00000000000; 0.00000137370; 42.46406376254; -0.00000350016; 0.00000000000; 0.00000137370; 9.82479513999; -0.00656381239
 630957344.48016583900; 0.00000000000; -0.00558303059; 8.80000000000; 251.00000000000; 0.00000155618; 0.00000000000; 0.00000155618; 42.46406376253; -0.00000308286; 0.00000000000; 0.00000155618; 9.82479488179; -0.00588693847
 735642254.45960903200; 0.00000000000; -0.00499854860; 8.86666666667; 252.00000000000; 0.00000152119; 0.00000000000; 0.00000152119; 42.46406376253; -0.00000271532; 0.00000000000; 0.00000152119; 9.82479467409; -0.00527986517
 857695898.59085595600; 0.00000000000; -0.00450050091; 8.93333333333; 253.00000000000; 0.00000126113; 0.00000000000; 0.00000126113; 42.46406376253; -0.00000239160; 0.00000000000; 0.00000126113; 9.82479450702; -0.00473539453
 999999999.99995505800; 0.00000000000; -0.00400245323; 9.00000000000; 254.00000000000; 0.00000085863; 0.00000000000; 0.00000085863; 42.46406376253; -0.00000210647; 0.00000000000; 0.00000085863; 9.82479437264; -0.00424707082
 1165914401.17977858000; 0.00000000000; -0.00350445117; 9.06666666667; 255.00000000000; 0.00000045137; 0.00000000000; 0.00000045137; 42.46406376253; -0.00000185533; 0.00000000000; 0.00000045137; 9.82479426453; -0.00380910407
 1359356390.87846303000; 0.00000000000; -0.00317702338; 9.13333333333; 256.00000000000; 0.00000019045; 0.00000000000; 0.00000019045; 42.46406376253; -0.00000163413; 0.00000000000; 0.00000019045; 9.82479417758; -0.00341630135
 1584893192.46103954000; 0.00000000000; -0.00284959559; 9.20000000000; 257.00000000000; 0.00000012138; 0.00000000000; 0.00000012138; 42.46406376253; -0.00000143931; 0.00000000000; 0.00000012138; 9.82479410763; -0.00306400526
 1847849797.42220378000; 0.00000000000; -0.00252216780; 9.26666666667; 258.00000000000; 0.00000009828; 0.00000000000; 0.00000009828; 42.46406376253; -0.00000126771; 0.00000000000; 0.00000009828; 9.82479405137; -0.00274803868
 2154434690.03178072000; 0.00000000000; -0.00223215729; 9.33333333333; 259.00000000000; 0.00000028687; 0.00000000000; 0.00000028687; 42.46406376253; -0.00000111657; 0.00000000000; 0.00000028687; 9.82479400611; -0.00246465522
 2511886431.50945902000; 0.00000000000; -0.00201689887; 9.40000000000; 260.00000000000; 0.00000052764; 0.00000000000; 0.00000052764; 42.46406376253; -0.00000098345; 0.00000000000; 0.00000052764; 9.82479396971; -0.00221049486
 2928644564.62509346000; 0.00000000000; -0.00180164045; 9.46666666667; 261.00000000000; 0.00000068706; 0.00000000000; 0.00000068706; 42.46406376253; -0.00000086621; 0.00000000000; 0.00000068706; 9.82479394042; -0.00198254403
 3414548873.83343315000; 0.00000000000; -0.00158638203; 9.53333333333; 262.00000000000; 0.00000069732; 0.00000000000; 0.00000069732; 42.46406376253; -0.00000076294; 0.00000000000; 0.00000069732; 9.82479391687; -0.00177809997
 3981071705.53477383000; 0.00000000000; -0.00142030183; 9.60000000000; 263.00000000000; 0.00000055488; 0.00000000000; 0.00000055488; 42.46406376253; -0.00000067198; 0.00000000000; 0.00000055488; 9.82479389792; -0.00159473861
 4641588833.61254501000; 0.00000000000; -0.00127878609; 9.66666666667; 264.00000000000; 0.00000031678; 0.00000000000; 0.00000031678; 42.46406376253; -0.00000059186; 0.00000000000; 0.00000031678; 9.82479388268; -0.00143028585
 5411695265.46436119000; 0.00000000000; -0.00113727034; 9.73333333333; 265.00000000000; 0.00000009716; 0.00000000000; 0.00000009716; 42.46406376253; -0.00000052130; 0.00000000000; 0.00000009716; 9.82479387042; -0.00128279180
 6309573444.80160713000; 0.00000000000; -0.00099576432; 9.80000000000; 266.00000000000; 0.00000014790; 0.00000000000; 0.00000014790; 42.46406376253; -0.00000045915; 0.00000000000; 0.00000014790; 9.82479386055; -0.00115050765
 7356422544.59603023000; 0.00000000000; -0.00090272868; 9.86666666667; 267.00000000000; 0.00000018738; 0.00000000000; 0.00000018738; 42.46406376253; -0.00000040441; 0.00000000000; 0.00000018738; 9.82479385262; -0.00103186491
 8576958985.90849018000; 0.00000000000; -0.00080969303; 9.93333333333; 268.00000000000; 0.00000010379; 0.00000000000; 0.00000010379; 42.46406376253; -0.00000035619; 0.00000000000; 0.00000010379; 9.82479384624; -0.00092545686
 9999999999.99946785000; 0.00000000000; -0.00071665739; 10.00000000000; 269.00000000000; 0.00000006229; 0.00000000000; 0.00000006229; 42.46406376253; -0.00000031373; 0.00000000000; 0.00000006229; 9.82479384111; -0.00083002182
 11659144011.79769130000; 0.00000000000; -0.00063425139; 10.06666666667; 270.00000000000; 0.00000023846; 0.00000000000; 0.00000023846; 42.46406376253; -0.00000027633; 0.00000000000; 0.00000023846; 9.82479383698; -0.00074442825
 13593563908.78451920000; 0.00000000000; -0.00057308766; 10.13333333333; 271.00000000000; 0.00000035394; 0.00000000000; 0.00000035394; 42.46406376253; -0.00000024338; 0.00000000000; 0.00000035394; 9.82479383366; -0.00066766126
 15848931924.61026570000; 0.00000000000; -0.00051192393; 10.20000000000; 272.00000000000; 0.00000036630; 0.00000000000; 0.00000036630; 42.46406376253; -0.00000021437; 0.00000000000; 0.00000036630; 9.82479383099; -0.00059881064
 18478497974.22188570000; 0.00000000000; -0.00045076019; 10.26666666667; 273.00000000000; 0.00000027562; 0.00000000000; 0.00000027562; 42.46406376253; -0.00000018881; 0.00000000000; 0.00000027562; 9.82479382884; -0.00053706004
 21544346900.31763460000; 0.00000000000; -0.00040356861; 10.33333333333; 274.00000000000; 0.00000012340; 0.00000000000; 0.00000012340; 42.46406376253; -0.00000016630; 0.00000000000; 0.00000012340; 9.82479382711; -0.00048167730
 25118864315.09438320000; 0.00000000000; -0.00036335819; 10.40000000000; 275.00000000000; 0.00000006144; 0.00000000000; 0.00000006144; 42.46406376253; -0.00000014647; 0.00000000000; 0.00000006144; 9.82479382572; -0.00043200573
 29286445646.25069430000; 0.00000000000; -0.00032314777; 10.46666666667; 276.00000000000; 0.00000015742; 0.00000000000; 0.00000015742; 42.46406376253; -0.00000012901; 0.00000000000; 0.00000015742; 9.82479382460; -0.00038745640
 34145488738.33405300000; 0.00000000000; -0.00028293919; 10.53333333333; 277.00000000000; 0.00000017604; 0.00000000000; 0.00000017604; 42.46406376253; -0.00000011363; 0.00000000000; 0.00000017604; 9.82479382370; -0.00034750109
 39810717055.34741210000; 0.00000000000; -0.00025650396; 10.60000000000; 278.00000000000; 0.00000011019; 0.00000000000; 0.00000011019; 42.46406376253; -0.00000010008; 0.00000000000; 0.00000011019; 9.82479382298; -0.00031166606
 46415888336.12506860000; 0.00000000000; -0.00023006872; 10.66666666667; 279.00000000000; 0.00000001490; 0.00000000000; 0.00000001490; 42.46406376253; -0.00000008815; 0.00000000000; 0.00000001490; 9.82479382239; -0.00027952641
 54116952654.64316560000; 0.00000000000; -0.00020363348; 10.73333333333; 280.00000000000; 0.00000012985; 0.00000000000; 0.00000012985; 42.46406376253; -0.00000007764; 0.00000000000; 0.00000012985; 9.82479382193; -0.00025070106
 63095734448.01555630000; 0.00000000000; -0.00018021796; 10.80000000000; 281.00000000000; 0.00000020543; 0.00000000000; 0.00000020543; 42.46406376253; -0.00000006838; 0.00000000000; 0.00000020543; 9.82479382155; -0.00022484825
 73564225445.95970150000; 0.00000000000; -0.00016283884; 10.86666666667; 282.00000000000; 0.00000021033; 0.00000000000; 0.00000021033; 42.46406376253; -0.00000006023; 0.00000000000; 0.00000021033; 9.82479382125; -0.00020166143
 85769589859.08419790000; 0.00000000000; -0.00014545972; 10.93333333333; 283.00000000000; 0.00000014744; 0.00000000000; 0.00000014744; 42.46406376253; -0.00000005305; 0.00000000000; 0.00000014744; 9.82479382100; -0.00018086568
 99999999999.99386590000; 0.00000000000; -0.00012808059; 11.00000000000; 284.00000000000; 0.00000004816; 0.00000000000; 0.00000004816; 42.46406376253; -0.00000004673; 0.00000000000; 0.00000004816; 9.82479382081; -0.00016221444
 116591440117.97595200000; 0.00000000000; -0.00011467113; 11.06666666667; 285.00000000000; 0.00000006403; 0.00000000000; 0.00000006403; 42.46406376253; -0.00000004115; 0.00000000000; 0.00000006403; 9.82479382065; -0.00014548655
 135935639087.84407000000; 0.00000000000; -0.00010324571; 11.13333333333; 286.00000000000; 0.00000012508; 0.00000000000; 0.00000012508; 42.46406376253; -0.00000003625; 0.00000000000; 0.00000012508; 9.82479382052; -0.00013048367
 158489319246.10137900000; 0.00000000000; -0.00009182028; 11.20000000000; 287.00000000000; 0.00000012963; 0.00000000000; 0.00000012963; 42.46406376253; -0.00000003193; 0.00000000000; 0.00000012963; 9.82479382042; -0.00011702793
 184784979742.21734600000; 0.00000000000; -0.00008039511; 11.26666666667; 288.00000000000; 0.00000008038; 0.00000000000; 0.00000008038; 42.46406376253; -0.00000002812; 0.00000000000; 0.00000008038; 9.82479382034; -0.00010495976
 215443469003.17456000000; 0.00000000000; -0.00007288378; 11.33333333333; 289.00000000000; 0.00000001124; 0.00000000000; 0.00000001124; 42.46406376253; -0.00000002477; 0.00000000000; 0.00000001124; 9.82479382027; -0.00009413609
 251188643150.94177200000; 0.00000000000; -0.00006537245; 11.40000000000; 290.00000000000; 0.00000007759; 0.00000000000; 0.00000007759; 42.46406376253; -0.00000002181; 0.00000000000; 0.00000007759; 9.82479382022; -0.00008442858
 292864456462.50457700000; 0.00000000000; -0.00005786111; 11.46666666667; 291.00000000000; 0.00000012214; 0.00000000000; 0.00000012214; 42.46406376253; -0.00000001921; 0.00000000000; 0.00000012214; 9.82479382018; -0.00007572213
 341454887383.33770700000; 0.00000000000; -0.00005120763; 11.53333333333; 292.00000000000; 0.00000012153; 0.00000000000; 0.00000012153; 42.46406376253; -0.00000001692; 0.00000000000; 0.00000012153; 9.82479382014; -0.00006791351
 398107170553.47088600000; 0.00000000000; -0.00004626951; 11.60000000000; 293.00000000000; 0.00000008102; 0.00000000000; 0.00000008102; 42.46406376253; -0.00000001491; 0.00000000000; 0.00000008102; 9.82479382011; -0.00006091013
 464158883361.24688700000; 0.00000000000; -0.00004133139; 11.66666666667; 294.00000000000; 0.00000002275; 0.00000000000; 0.00000002275; 42.46406376253; -0.00000001313; 0.00000000000; 0.00000002275; 9.82479382009; -0.00005462895
 541169526546.42724600000; 0.00000000000; -0.00003639327; 11.73333333333; 295.00000000000; 0.00000003759; 0.00000000000; 0.00000003759; 42.46406376253; -0.00000001156; 0.00000000000; 0.00000003759; 9.82479382007; -0.00004899550
 630957344480.15039000000; 0.00000000000; -0.00003258298; 11.80000000000; 296.00000000000; 0.00000006566; 0.00000000000; 0.00000006566; 42.46406376253; -0.00000001018; 0.00000000000; 0.00000006566; 9.82479382006; -0.00004394298
 735642254459.59094200000; 0.00000000000; -0.00002933655; 11.86666666667; 297.00000000000; 0.00000006112; 0.00000000000; 0.00000006112; 42.46406376253; -0.00000000897; 0.00000000000; 0.00000006112; 9.82479382005; -0.00003941149
 857695898590.83496000000; 0.00000000000; -0.00002609012; 11.93333333333; 298.00000000000; 0.00000003080; 0.00000000000; 0.00000003080; 42.46406376253; -0.00000000790; 0.00000000000; 0.00000003080; 9.82479382004; -0.00003534729
 999999999999.93041900000; 0.00000000000; -0.00002284369; 12.00000000000; 299.00000000000; 0.00000000950; 0.00000000000; 0.00000000950; 42.46406376253; -0.00000000696; 0.00000000000; 0.00000000950; 9.82479382003; -0.00003170221
