f,Z',Z'',x,n,gamma,Z''_0,x_0,n_0,gamma_0,Z''_1,x_1,n_1,gamma_1
 0.00000001166, 19.54670491479, 0.00000000000, -7.93333333333, 0.00000000000, 0.00000015253, 0.00000000000, 0.00000015253, 31.83457341479, -0.00000020566, 0.00000000000, 0.00000015253, 19.32658286506, -0.00000000321
 0.00000001359, 19.54670491479, 0.00000000000, -7.86666666667, 1.00000000000, 0.00000023887, 0.00000000000, 0.00000023887, 31.83457341479, -0.00000022896, 0.00000000000, 0.00000023887, 19.32658286506, -0.00000000361
 0.00000001585, 19.54670491479, 0.00000000000, -7.80000000000, 2.00000000000, 0.00000048436, 0.00000000000, 0.00000048436, 31.83457341479, -0.00000025489, 0.00000000000, 0.00000048436, 19.32658286506, -0.00000000406
 0.00000001848, 19.54670491479, 0.00000000000, -7.73333333333, 3.00000000000, 0.00000052753, 0.00000000000, 0.00000052753, 31.83457341479, -0.00000028376, 0.00000000000, 0.00000052753, 19.32658286506, -0.00000000457
 0.00000002154, 19.54670491479, -0.00000000000, -7.66666666667, 4.00000000000, 0.00000036509, 0.00000000000, 0.00000036509, 31.83457341479, -0.00000031591, 0.00000000000, 0.00000036509, 19.32658286506, -0.00000000515
 0.00000002512, 19.54670491479, -0.00000000000, -7.60000000000, 5.00000000000, 0.00000008743, 0.00000000000, 0.00000008743, 31.83457341479, -0.00000035169, 0.00000000000, 0.00000008743, 19.32658286506, -0.00000000579
 0.00000002929, 19.54670491479, -0.00000000000, -7.53333333333, 6.00000000000, 0.00000022912, 0.00000000000, 0.00000022912, 31.83457341479, -0.00000039152, 0.00000000000, 0.00000022912, 19.32658286506, -0.00000000652
 0.00000003415, 19.54670491479, -0.00000000000, -7.46666666667, 7.00000000000, 0.00000040756, 0.00000000000, 0.00000040756, 31.83457341479, -0.00000043587, 0.00000000000, 0.00000040756, 19.32658286506, -0.00000000733
 0.00000003981, 19.54670491479, -0.00000000000, -7.40000000000, 8.00000000000, 0.00000041244, 0.00000000000, 0.00000041244, 31.83457341479, -0.00000048524, 0.00000000000, 0.00000041244, 19.32658286506, -0.00000000826
 0.00000004642, 19.54670491479, -0.00000000000, -7.33333333333, 9.00000000000, 0.00000025446, 0.00000000000, 0.00000025446, 31.83457341479, -0.00000054021, 0.00000000000, 0.00000025446, 19.32658286506, -0.00000000929
 0.00000005412, 19.54670491479, -0.00000000000, -7.26666666667, 10.00000000000, 0.00000004156, 0.00000000000, 0.00000004156, 31.83457341479, -0.00000060139, 0.00000000000, 0.00000004156, 19.32658286506, -0.00000001046
 0.00000006310, 19.54670491479, -0.00000000000, -7.20000000000, 11.00000000000, 0.00000022741, 0.00000000000, 0.00000022741, 31.83457341479, -0.00000066951, 0.00000000000, 0.00000022741, 19.32658286506, -0.00000001177
 0.00000007356, 19.54670491479, -0.00000000000, -7.13333333333, 12.00000000000, 0.00000034319, 0.00000000000, 0.00000034319, 31.83457341479, -0.00000074535, 0.00000000000, 0.00000034319, 19.32658286506, -0.00000001325
 0.00000008577, 19.54670491479, -0.00000000000, -7.06666666667, 13.00000000000, 0.00000030951, 0.00000000000, 0.00000030951, 31.83457341479, -0.00000082977, 0.00000000000, 0.00000030951, 19.32658286506, -0.00000001491
 0.00000010000, 19.54670491479, -0.00000000000, -7.00000000000, 14.00000000000, 0.00000015155, 0.00000000000, 0.00000015155, 31.83457341479, -0.00000092376, 0.00000000000, 0.00000015155, 19.32658286506, -0.00000001678
 0.00000011659, 19.54670491479, -0.00000000000, -6.93333333333, 15.00000000000, 0.00000007094, 0.00000000000, 0.00000007094, 31.83457341479, -0.00000102839, 0.00000000000, 0.00000007094, 19.32658286506, -0.00000001888
 0.00000013594, 19.54670491479, -0.00000000000, -6.86666666667, 16.00000000000, 0.00000023296, 0.00000000000, 0.00000023296, 31.83457341479, -0.00000114488, 0.00000000000, 0.00000023296, 19.32658286506, -0.00000002125
 0.00000015849, 19.54670491479, -0.00000000000, -6.80000000000, 17.00000000000, 0.00000028877, 0.00000000000, 0.00000028877, 31.83457341479, -0.00000127456, 0.00000000000, 0.00000028877, 19.32658286506, -0.00000002392
 0.00000018478, 19.54670491479, -0.00000000000, -6.73333333333, 18.00000000000, 0.00000021556, 0.00000000000, 0.00000021556, 31.83457341479, -0.00000141892, 0.00000000000, 0.00000021556, 19.32658286506, -0.00000002692
 0.00000021544, 19.54670491479, -0.00000000000, -6.66666666667, 19.00000000000, 0.00000005651, 0.00000000000, 0.00000005651, 31.83457341479, -0.00000157964, 0.00000000000, 0.00000005651, 19.32658286506, -0.00000003030
 0.00000025119, 19.54670491479, -0.00000000000, -6.60000000000, 20.00000000000, 0.00000013389, 0.00000000000, 0.00000013389, 31.83457341479, -0.00000175857, 0.00000000000, 0.00000013389, 19.32658286506, -0.00000003410
 0.00000029286, 19.54670491479, -0.00000000000, -6.53333333333, 21.00000000000, 0.00000024538, 0.00000000000, 0.00000024538, 31.83457341479, -0.00000195776, 0.00000000000, 0.00000024538, 19.32658286506, -0.00000003838
 0.00000034145, 19.54670491479, -0.00000000000, -6.46666666667, 22.00000000000, 0.00000024252, 0.00000000000, 0.00000024252, 31.83457341479, -0.00000217951, 0.00000000000, 0.00000024252, 19.32658286506, -0.00000004319
 0.00000039811, 19.54670491479, -0.00000000000, -6.40000000000, 23.00000000000, 0.00000012843, 0.00000000000, 0.00000012843, 31.83457341479, -0.00000242638, 0.00000000000, 0.00000012843, 19.32658286506, -0.00000004861
 0.00000046416, 19.54670491479, -0.00000000000, -6.33333333333, 24.00000000000, 0.00000005623, 0.00000000000, 0.00000005623, 31.83457341479, -0.00000270121, 0.00000000000, 0.00000005623, 19.32658286506, -0.00000005471
 0.00000054117, 19.54670491479, -0.00000000000, -6.26666666667, 25.00000000000, 0.00000020419, 0.00000000000, 0.00000020419, 31.83457341479, -0.00000300718, 0.00000000000, 0.00000020419, 19.32658286506, -0.00000006157
 0.00000063096, 19.54670491479, -0.00000000000, -6.20000000000, 26.00000000000, 0.00000026465, 0.00000000000, 0.00000026465, 31.83457341479, -0.00000334779, 0.00000000000, 0.00000026465, 19.32658286506, -0.00000006930
 0.00000073564, 19.54670491479, -0.00000000000, -6.13333333333, 27.00000000000, 0.00000020321, 0.00000000000, 0.00000020321, 31.83457341479, -0.00000372700, 0.00000000000, 0.00000020321, 19.32658286506, -0.00000007799
 0.00000085770, 19.54670491479, -0.00000000000, -6.06666666667, 28.00000000000, 0.00000005055, 0.00000000000, 0.00000005055, 31.83457341479, -0.00000414915, 0.00000000000, 0.00000005055, 19.32658286506, -0.00000008778
 0.00000100000, 19.54670491479, -0.00000000000, -6.00000000000, 29.00000000000, 0.00000015070, 0.00000000000, 0.00000015070, 31.83457341479, -0.00000461912, 0.00000000000, 0.00000015070, 19.32658286506, -0.00000009879
 0.00000116591, 19.54670491479, -0.00000000000, -5.93333333333, 30.00000000000, 0.00000028057, 0.00000000000, 0.00000028057, 31.83457341479, -0.00000514232, 0.00000000000, 0.00000028057, 19.32658286506, -0.00000011119
 0.00000135936, 19.54670491479, -0.00000000000, -5.86666666667, 31.00000000000, 0.00000029113, 0.00000000000, 0.00000029113, 31.83457341479, -0.00000572478, 0.00000000000, 0.00000029113, 19.32658286506, -0.00000012514
 0.00000158489, 19.54670491479, -0.00000000000, -5.80000000000, 32.00000000000, 0.00000017017, 0.00000000000, 0.00000017017, 31.83457341479, -0.00000637322, 0.00000000000, 0.00000017017, 19.32658286506, -0.00000014084
 0.00000184785, 19.54670491479, -0.00000000000, -5.73333333333, 33.00000000000, 0.00000005546, 0.00000000000, 0.00000005546, 31.83457341479, -0.00000709510, 0.00000000000, 0.00000005546, 19.32658286506, -0.00000015851
 0.00000215443, 19.54670491479, -0.00000000000, -5.66666666667, 34.00000000000, 0.00000025247, 0.00000000000, 0.00000025247, 31.83457341478, -0.00000789876, 0.00000000000, 0.00000025247, 19.32658286506, -0.00000017840
 0.00000251189, 19.54670491479, -0.00000000000, -5.60000000000, 35.00000000000, 0.00000036449, 0.00000000000, 0.00000036449, 31.83457341478, -0.00000879344, 0.00000000000, 0.00000036449, 19.32658286506, -0.00000020078
 0.00000292864, 19.54670491479, -0.00000000000, -5.53333333333, 36.00000000000, 0.00000032556, 0.00000000000, 0.00000032556, 31.83457341478, -0.00000978946, 0.00000000000, 0.00000032556, 19.32658286506, -0.00000022597
 0.00000341455, 19.54670491479, -0.00000000000, -5.46666666667, 37.00000000000, 0.00000014332, 0.00000000000, 0.00000014332, 31.83457341478, -0.00001089830, 0.00000000000, 0.00000014332, 19.32658286506, -0.00000025432
 0.00000398107, 19.54670491479, -0.00000000000, -5.40000000000, 38.00000000000, 0.00000013410, 0.00000000000, 0.00000013410, 31.83457341478, -0.00001213274, 0.00000000000, 0.00000013410, 19.32658286506, -0.00000028623
 0.00000464159, 19.54670491479, -0.00000000000, -5.33333333333, 39.00000000000, 0.00000036124, 0.00000000000, 0.00000036124, 31.83457341477, -0.00001350700, 0.00000000000, 0.00000036124, 19.32658286506, -0.00000032215
 0.00000541170, 19.54670491479, -0.00000000000, -5.26666666667, 40.00000000000, 0.00000045823, 0.00000000000, 0.00000045823, 31.83457341477, -0.00001503692, 0.00000000000, 0.00000045823, 19.32658286506, -0.00000036257
 0.00000630957, 19.54670491479, -0.00000000000, -5.20000000000, 41.00000000000, 0.00000036915, 0.00000000000, 0.00000036915, 31.83457341477, -0.00001674013, 0.00000000000, 0.00000036915, 19.32658286506, -0.00000040806
 0.00000735642, 19.54670491479, -0.00000000000, -5.13333333333, 42.00000000000, 0.00000012324, 0.00000000000, 0.00000012324, 31.83457341476, -0.00001863626, 0.00000000000, 0.00000012324, 19.32658286506, -0.00000045926
 0.00000857696, 19.54670491479, -0.00000000000, -5.06666666667, 43.00000000000, 0.00000022061, 0.00000000000, 0.00000022061, 31.83457341475, -0.00002074717, 0.00000000000, 0.00000022061, 19.32658286506, -0.00000051688
 0.00001000000, 19.54670491479, -0.00000000000, -5.00000000000, 44.00000000000, 0.00000047976, 0.00000000000, 0.00000047976, 31.83457341475, -0.00002309717, 0.00000000000, 0.00000047976, 19.32658286506, -0.00000058173
 0.00001165914, 19.54670491479, -0.00000000000, -4.93333333333, 45.00000000000, 0.00000056480, 0.00000000000, 0.00000056480, 31.83457341474, -0.00002571336, 0.00000000000, 0.00000056480, 19.32658286506, -0.00000065472
 0.00001359356, 19.54670491479, -0.00000000000, -4.86666666667, 46.00000000000, 0.00000042370, 0.00000000000, 0.00000042370, 31.83457341472, -0.00002862588, 0.00000000000, 0.00000042370, 19.32658286506, -0.00000073686
 0.00001584893, 19.54670491479, -0.00000000000, -4.80000000000, 47.00000000000, 0.00000011115, 0.00000000000, 0.00000011115, 31.83457341471, -0.00003186829, 0.00000000000, 0.00000011115, 19.32658286506, -0.00000082932
 0.00001847850, 19.54670491479, -0.00000000000, -4.73333333333, 48.00000000000, 0.00000031335, 0.00000000000, 0.00000031335, 31.83457341469, -0.00003547797, 0.00000000000, 0.00000031335, 19.32658286506, -0.00000093337
 0.00002154435, 19.54670491479, -0.00000000000, -4.66666666667, 49.00000000000, 0.00000061166, 0.00000000000, 0.00000061166, 31.83457341466, -0.00003949652, 0.00000000000, 0.00000061166, 19.32658286506, -0.00000105048
 0.00002511886, 19.54670491479, -0.00000000000, -4.60000000000, 50.00000000000, 0.00000068801, 0.00000000000, 0.00000068801, 31.83457341463, -0.00004397024, 0.00000000000, 0.00000068801, 19.32658286506, -0.00000118228
 0.00002928645, 19.54670491479, -0.00000000000, -4.53333333333, 51.00000000000, 0.00000049175, 0.00000000000, 0.00000049175, 31.83457341460, -0.00004895069, 0.00000000000, 0.00000049175, 19.32658286506, -0.00000133062
 0.00003414549, 19.54670491479, -0.00000000000, -4.46666666667, 52.00000000000, 0.00000010830, 0.00000000000, 0.00000010830, 31.83457341455, -0.00005449527, 0.00000000000, 0.00000010830, 19.32658286506, -0.00000149757
 0.00003981072, 19.54670491479, -0.00000000000, -4.40000000000, 53.00000000000, 0.00000041432, 0.00000000000, 0.00000041432, 31.83457341449, -0.00006066788, 0.00000000000, 0.00000041432, 19.32658286506, -0.00000168547
 0.00004641589, 19.54670491479, -0.00000000000, -4.33333333333, 54.00000000000, 0.00000076144, 0.00000000000, 0.00000076144, 31.83457341442, -0.00006753965, 0.00000000000, 0.00000076144, 19.32658286506, -0.00000189694
 0.00005411695, 19.54670491479, -0.00000000000, -4.26666666667, 55.00000000000, 0.00000083285, 0.00000000000, 0.00000083285, 31.83457341434, -0.00007518978, 0.00000000000, 0.00000083285, 19.32658286506, -0.00000213495
 0.00006309573, 19.54670491479, -0.00000000000, -4.20000000000, 56.00000000000, 0.00000057683, 0.00000000000, 0.00000057683, 31.83457341423, -0.00008370643, 0.00000000000, 0.00000057683, 19.32658286506, -0.00000240282
 0.00007356423, 19.54670491479, -0.00000000000, -4.13333333333, 57.00000000000, 0.00000011503, 0.00000000000, 0.00000011503, 31.83457341409, -0.00009318775, 0.00000000000, 0.00000011503, 19.32658286506, -0.00000270430
 0.00008576959, 19.54670491479, -0.00000000000, -4.06666666667, 58.00000000000, 0.00000052636, 0.00000000000, 0.00000052636, 31.83457341393, -0.00010374300, 0.00000000000, 0.00000052636, 19.32658286506, -0.00000304360
 0.00010000000, 19.54670491479, -0.00000000000, -4.00000000000, 59.00000000000, 0.00000093480, 0.00000000000, 0.00000093480, 31.83457341372, -0.00011549384, 0.00000000000, 0.00000093480, 19.32658286506, -0.00000342547
 0.00011659144, 19.54670491479, -0.00000000000, -3.93333333333, 60.00000000000, 0.00000100586, 0.00000000000, 0.00000100586, 31.83457341347, -0.00012857568, 0.00000000000, 0.00000100586, 19.32658286506, -0.00000385526
 0.00013593564, 19.54670491479, -0.00000000000, -3.86666666667, 61.00000000000, 0.00000068388, 0.00000000000, 0.00000068388, 31.83457341315, -0.00014313928, 0.00000000000, 0.00000068388, 19.32658286506, -0.00000433898
 0.00015848932, 19.54670491479, -0.00000000000, -3.80000000000, 62.00000000000, 0.00000013067, 0.00000000000, 0.00000013067, 31.83457341276, -0.00015935248, 0.00000000000, 0.00000013067, 19.32658286506, -0.00000488338
 0.00018478498, 19.54670491479, -0.00000000000, -3.73333333333, 63.00000000000, 0.00000065302, 0.00000000000, 0.00000065302, 31.83457341227, -0.00017740212, 0.00000000000, 0.00000065302, 19.32658286506, -0.00000549609
 0.00021544347, 19.54670491479, -0.00000000000, -3.66666666667, 64.00000000000, 0.00000113912, 0.00000000000, 0.00000113912, 31.83457341167, -0.00019749623, 0.00000000000, 0.00000113912, 19.32658286505, -0.00000618568
 0.00025118864, 19.54670491479, -0.00000000000, -3.60000000000, 65.00000000000, 0.00000121582, 0.00000000000, 0.00000121582, 31.83457341092, -0.00021986637, 0.00000000000, 0.00000121582, 19.32658286505, -0.00000696179
 0.00029286446, 19.54670491479, -0.00000000000, -3.53333333333, 66.00000000000, 0.00000081979, 0.00000000000, 0.00000081979, 31.83457341000, -0.00024477035, 0.00000000000, 0.00000081979, 19.32658286505, -0.00000783527
 0.00034145489, 19.54670491479, -0.00000000000, -3.46666666667, 67.00000000000, 0.00000015471, 0.00000000000, 0.00000015471, 31.83457340885, -0.00027249517, 0.00000000000, 0.00000015471, 19.32658286505, -0.00000881835
 0.00039810717, 19.54670491479, -0.00000000000, -3.40000000000, 68.00000000000, 0.00000079868, 0.00000000000, 0.00000079868, 31.83457340743, -0.00030336035, 0.00000000000, 0.00000079868, 19.32658286505, -0.00000992478
 0.00046415888, 19.54670491479, -0.00000000000, -3.33333333333, 69.00000000000, 0.00000138415, 0.00000000000, 0.00000138415, 31.83457340567, -0.00033772158, 0.00000000000, 0.00000138415, 19.32658286504, -0.00001117002
 0.00054116953, 19.54670491479, -0.00000000000, -3.26666666667, 70.00000000000, 0.00000147473, 0.00000000000, 0.00000147473, 31.83457340349, -0.00037597487, 0.00000000000, 0.00000147473, 19.32658286504, -0.00001257151
 0.00063095734, 19.54670491479, -0.00000000000, -3.20000000000, 71.00000000000, 0.00000099435, 0.00000000000, 0.00000099435, 31.83457340078, -0.00041856105, 0.00000000000, 0.00000099435, 19.32658286503, -0.00001414884
 0.00073564225, 19.54670491479, -0.00000000000, -3.13333333333, 72.00000000000, 0.00000018825, 0.00000000000, 0.00000018825, 31.83457339743, -0.00046597092, 0.00000000000, 0.00000018825, 19.32658286502, -0.00001592407
 0.00085769590, 19.54670491479, -0.00000000000, -3.06666666667, 73.00000000000, 0.00000096887, 0.00000000000, 0.00000096887, 31.83457339327, -0.00051875084, 0.00000000000, 0.00000096887, 19.32658286501, -0.00001792204
 0.00100000000, 19.54670491479, -0.00000000000, -3.00000000000, 74.00000000000, 0.00000168305, 0.00000000000, 0.00000168305, 31.83457338812, -0.00057750908, 0.00000000000, 0.00000168305, 19.32658286500, -0.00002017069
 0.00116591440, 19.54670491479, -0.00000000000, -2.93333333333, 75.00000000000, 0.00000179932, 0.00000000000, 0.00000179932, 31.83457338174, -0.00064292278, 0.00000000000, 0.00000179932, 19.32658286499, -0.00002270148
 0.00135935639, 19.54670491479, -0.00000000000, -2.86666666667, 76.00000000000, 0.00000122170, 0.00000000000, 0.00000122170, 31.83457337383, -0.00071574581, 0.00000000000, 0.00000122170, 19.32658286497, -0.00002554980
 0.00158489319, 19.54670491479, -0.00000000000, -2.80000000000, 77.00000000000, 0.00000023518, 0.00000000000, 0.00000023518, 31.83457336403, -0.00079681741, 0.00000000000, 0.00000023518, 19.32658286494, -0.00002875549
 0.00184784980, 19.54670491479, -0.00000000000, -2.73333333333, 78.00000000000, 0.00000117060, 0.00000000000, 0.00000117060, 31.83457335188, -0.00088707188, 0.00000000000, 0.00000117060, 19.32658286491, -0.00003236340
 0.00215443469, 19.54670491479, -0.00000000000, -2.66666666667, 79.00000000000, 0.00000205391, 0.00000000000, 0.00000205391, 31.83457333682, -0.00098754936, 0.00000000000, 0.00000205391, 19.32658286487, -0.00003642399
 0.00251188643, 19.54670491479, -0.00000000000, -2.60000000000, 80.00000000000, 0.00000221335, 0.00000000000, 0.00000221335, 31.83457331816, -0.00109940780, 0.00000000000, 0.00000221335, 19.32658286482, -0.00004099405
 0.00292864456, 19.54670491479, -0.00000000000, -2.53333333333, 81.00000000000, 0.00000152265, 0.00000000000, 0.00000152265, 31.83457329502, -0.00122393629, 0.00000000000, 0.00000152265, 19.32658286476, -0.00004613751
 0.00341454887, 19.54670491479, -0.00000000000, -2.46666666667, 82.00000000000, 0.00000030370, 0.00000000000, 0.00000030370, 31.83457326636, -0.00136256996, 0.00000000000, 0.00000030370, 19.32658286468, -0.00005192631
 0.00398107171, 19.54670491479, -0.00000000000, -2.40000000000, 83.00000000000, 0.00000141281, 0.00000000000, 0.00000141281, 31.83457323083, -0.00151690649, 0.00000000000, 0.00000141281, 19.32658286457, -0.00005844143
 0.00464158883, 19.54670491479, -0.00000000000, -2.33333333333, 84.00000000000, 0.00000252212, 0.00000000000, 0.00000252212, 31.83457318679, -0.00168872451, 0.00000000000, 0.00000252212, 19.32658286445, -0.00006577398
 0.00541169527, 19.54670491479, -0.00000000000, -2.26666666667, 85.00000000000, 0.00000275138, 0.00000000000, 0.00000275138, 31.83457313222, -0.00188000414, 0.00000000000, 0.00000275138, 19.32658286428, -0.00007402654
 0.00630957344, 19.54670491479, -0.00000000000, -2.20000000000, 86.00000000000, 0.00000192857, 0.00000000000, 0.00000192857, 31.83457306458, -0.00209294976, 0.00000000000, 0.00000192857, 19.32658286407, -0.00008331454
 0.00735642254, 19.54670491479, -0.00000000000, -2.13333333333, 87.00000000000, 0.00000040892, 0.00000000000, 0.00000040892, 31.83457298075, -0.00233001545, 0.00000000000, 0.00000040892, 19.32658286381, -0.00009376789
 0.00857695899, 19.54670491479, -0.00000000000, -2.06666666667, 88.00000000000, 0.00000170680, 0.00000000000, 0.00000170680, 31.83457287685, -0.00259393325, 0.00000000000, 0.00000170680, 19.32658286348, -0.00010553280
 0.01000000000, 19.54670491479, -0.00000000000, -2.00000000000, 89.00000000000, 0.00000312398, 0.00000000000, 0.00000312398, 31.83457274809, -0.00288774468, 0.00000000000, 0.00000312398, 19.32658286306, -0.00011877384
 0.01165914401, 19.54670491479, -0.00000000000, -1.93333333333, 90.00000000000, 0.00000346488, 0.00000000000, 0.00000346488, 31.83457258850, -0.00321483573, 0.00000000000, 0.00000346488, 19.32658286252, -0.00013367621
 0.01359356391, 19.54670491479, -0.00000000000, -1.86666666667, 91.00000000000, 0.00000248804, 0.00000000000, 0.00000248804, 31.83457239072, -0.00357897595, 0.00000000000, 0.00000248804, 19.32658286184, -0.00015044836
 0.01584893192, 19.54670491479, -0.00000000000, -1.80000000000, 92.00000000000, 0.00000057723, 0.00000000000, 0.00000057723, 31.83457214559, -0.00398436184, 0.00000000000, 0.00000057723, 19.32658286099, -0.00016932489
 0.01847849797, 19.54670491479, -0.00000000000, -1.73333333333, 93.00000000000, 0.00000206659, 0.00000000000, 0.00000206659, 31.83457184178, -0.00443566522, 0.00000000000, 0.00000206659, 19.32658285990, -0.00019056982
 0.02154434690, 19.54670491479, -0.00000000000, -1.66666666667, 94.00000000000, 0.00000391248, 0.00000000000, 0.00000391248, 31.83457146526, -0.00493808712, 0.00000000000, 0.00000391248, 19.32658285852, -0.00021448033
 0.02511886432, 19.54670491479, -0.00000000000, -1.60000000000, 95.00000000000, 0.00000443259, 0.00000000000, 0.00000443259, 31.83457099861, -0.00549741764, 0.00000000000, 0.00000443259, 19.32658285678, -0.00024139085
 0.02928644565, 19.54670491479, -0.00000000000, -1.53333333333, 96.00000000000, 0.00000327857, 0.00000000000, 0.00000327857, 31.83457042025, -0.00612010272, 0.00000000000, 0.00000327857, 19.32658285457, -0.00027167779
 0.03414548874, 19.54670491479, -0.00000000000, -1.46666666667, 97.00000000000, 0.00000085447, 0.00000000000, 0.00000085447, 31.83456970346, -0.00681331843, 0.00000000000, 0.00000085447, 19.32658285178, -0.00030576478
 0.03981071706, 19.54670491479, -0.00000000000, -1.40000000000, 98.00000000000, 0.00000250842, 0.00000000000, 0.00000250842, 31.83456881508, -0.00758505363, 0.00000000000, 0.00000250842, 19.32658284823, -0.00034412862
 0.04641588834, 19.54670491479, -0.00000000001, -1.33333333333, 99.00000000000, 0.00000496657, 0.00000000000, 0.00000496657, 31.83456771407, -0.00844420207, 0.00000000000, 0.00000496657, 19.32658284375, -0.00038730592
 0.05411695265, 19.54670491479, -0.00000000002, -1.26666666667, 100.00000000000, 0.00000577851, 0.00000000000, 0.00000577851, 31.83456634950, -0.00940066486, 0.00000000000, 0.00000577851, 19.32658283806, -0.00043590060
 0.06309573445, 19.54670491479, -0.00000000003, -1.20000000000, 101.00000000000, 0.00000442822, 0.00000000000, 0.00000442822, 31.83456465830, -0.01046546456, 0.00000000000, 0.00000442822, 19.32658283087, -0.00049059238
 0.07356422545, 19.54670491479, -0.00000000004, -1.13333333333, 102.00000000000, 0.00000132251, 0.00000000000, 0.00000132251, 31.83456256229, -0.01165087221, 0.00000000000, 0.00000132251, 19.32658282175, -0.00055214625
 0.08576958986, 19.54670491479, -0.00000000005, -1.06666666667, 103.00000000000, 0.00000304811, 0.00000000000, 0.00000304811, 31.83455996456, -0.01297054870, 0.00000000000, 0.00000304811, 19.32658281020, -0.00062142320
 0.10000000000, 19.54670491479, -0.00000000006, -1.00000000000, 104.00000000000, 0.00000640614, 0.00000000000, 0.00000640614, 31.83455674502, -0.01443970221, 0.00000000000, 0.00000640614, 19.32658279557, -0.00069939222
 0.11659144012, 19.54670491479, -0.00000000019, -0.93333333333, 105.00000000000, 0.00000770434, 0.00000000000, 0.00000770434, 31.83455275483, -0.01607526342, 0.00000000000, 0.00000770434, 19.32658277703, -0.00078714389
 0.13593563909, 19.54670491479, -0.00000000031, -0.86666666667, 106.00000000000, 0.00000615696, 0.00000000000, 0.00000615696, 31.83454780953, -0.01789608058, 0.00000000000, 0.00000615696, 19.32658275356, -0.00088590562
 0.15848931925, 19.54670491479, -0.00000000044, -0.80000000000, 107.00000000000, 0.00000213424, 0.00000000000, 0.00000213424, 31.83454168048, -0.01992313665, 0.00000000000, 0.00000213424, 19.32658272382, -0.00099705885
 0.18478497974, 19.54670491479, -0.00000000057, -0.73333333333, 108.00000000000, 0.00000369155, 0.00000000000, 0.00000369155, 31.83453408436, -0.02217979103, 0.00000000000, 0.00000369155, 19.32658268616, -0.00112215829
 0.21544346900, 19.54670491479, -0.00000000070, -0.66666666667, 109.00000000000, 0.00000841591, 0.00000000000, 0.00000841591, 31.83452466998, -0.02469204860, 0.00000000000, 0.00000841591, 19.32658263845, -0.00126295377
 0.25118864315, 19.54670491479, -0.00000000197, -0.60000000000, 110.00000000000, 0.00001054994, 0.00000000000, 0.00001054994, 31.83451300212, -0.02748885927, 0.00000000000, 0.00001054994, 19.32658257802, -0.00142141463
 0.29286445646, 19.54670491479, -0.00000000362, -0.53333333333, 111.00000000000, 0.00000885965, 0.00000000000, 0.00000885965, 31.83449854140, -0.03060245133, 0.00000000000, 0.00000885965, 19.32658250147, -0.00159975734
 0.34145488738, 19.54670491479, -0.00000000527, -0.46666666667, 112.00000000000, 0.00000359096, 0.00000000000, 0.00000359096, 31.83448061930, -0.03406870248, 0.00000000000, 0.00000359096, 19.32658240450, -0.00180047642
 0.39810717055, 19.54670491479, -0.00000000692, -0.40000000000, 113.00000000000, 0.00000440671, 0.00000000000, 0.00000440671, 31.83445840731, -0.03792755286, 0.00000000000, 0.00000440671, 19.32658228168, -0.00202637941
 0.46415888336, 19.54670491479, -0.00000000857, -0.33333333333, 114.00000000000, 0.00001128175, 0.00000000000, 0.00001128175, 31.83443087860, -0.04222346465, 0.00000000000, 0.00001128175, 19.32658212611, -0.00228062608
 0.54116952655, 19.54670491479, -0.00000001997, -0.26666666667, 115.00000000000, 0.00001490935, 0.00000000000, 0.00001490935, 31.83439676060, -0.04700593350, 0.00000000000, 0.00001490935, 19.32658192905, -0.00256677268
 0.63095734448, 19.54670491479, -0.00000004118, -0.20000000000, 116.00000000000, 0.00001328101, 0.00000000000, 0.00001328101, 31.83435447611, -0.05233005771, 0.00000000000, 0.00001328101, 19.32658167943, -0.00288882162
 0.73564225446, 19.54670491479, -0.00000006239, -0.13333333333, 117.00000000000, 0.00000632167, 0.00000000000, 0.00000632167, 31.83430207051, -0.05825717138, 0.00000000000, 0.00000632167, 19.32658136325, -0.00325127751
 0.85769589859, 19.54670491479, -0.00000008360, -0.06666666667, 118.00000000000, 0.00000504753, 0.00000000000, 0.00000504753, 31.83423712134, -0.06485554884, 0.00000000000, 0.00000504753, 19.32658096275, -0.00365921012
 1.00000000000, 19.54670491479, -0.00000010481, -0.00000000000, 119.00000000000, 0.00001543491, 0.00000000000, 0.00001543491, 31.83415662640, -0.07220118806, 0.00000000000, 0.00001543491, 19.32658045544, -0.00411832533
 1.16591440118, 19.54670491479, -0.00000018850, 0.06666666667, 120.00000000000, 0.00002185940, 0.00000000000, 0.00002185940, 31.83405686504, -0.08037868187, 0.00000000000, 0.00002185940, 19.32657981285, -0.00463504489
 1.35935639088, 19.54670491479, -0.00000046099, 0.13333333333, 121.00000000000, 0.00002090358, 0.00000000000, 0.00002090358, 31.83393322630, -0.08948218635, 0.00000000000, 0.00002090358, 19.32657899889, -0.00521659628
 1.58489319246, 19.54670491479, -0.00000073349, 0.20000000000, 122.00000000000, 0.00001172502, 0.00000000001, 0.00001172501, 31.83377999590, -0.09961649709, 0.00000000000, 0.00001172501, 19.32657796786, -0.00587111378
 1.84784979742, 19.54670491479, -0.00000100599, 0.26666666667, 123.00000000000, 0.00000519908, 0.00000000002, 0.00000519906, 31.83359009237, -0.11089824464, 0.00000000000, 0.00000519906, 19.32657666188, -0.00660775223
 2.15443469003, 19.54670491479, -0.00000127849, 0.33333333333, 124.00000000000, 0.00002145533, 0.00000000006, 0.00002145527, 31.83335474016, -0.12345722175, 0.00000000000, 0.00002145527, 19.32657500762, -0.00743681505
 2.51188643151, 19.54670491479, -0.00000155099, 0.40000000000, 125.00000000000, 0.00003340843, 0.00000000013, 0.00003340829, 31.83306306464, -0.13743785580, 0.00000000000, 0.00003340829, 19.32657291221, -0.00836989838
 2.92864456463, 19.54670491479, -0.00000504736, 0.46666666667, 126.00000000000, 0.00003484591, 0.00000000031, 0.00003484560, 31.83270159045, -0.15300084115, 0.00000000000, 0.00003484560, 19.32657025799, -0.00942005318
 3.41454887383, 19.54670491479, -0.00000854842, 0.53333333333, 127.00000000000, 0.00002311594, 0.00000000071, 0.00002311522, 31.83225362019, -0.17032494670, 0.00000000000, 0.00002311522, 19.32656689595, -0.01060196779
 3.98107170553, 19.54670491479, -0.00001204948, 0.60000000000, 128.00000000000, 0.00000497323, 0.00000000161, 0.00000497162, 31.83169846507, -0.18960901493, 0.00000000000, 0.00000497162, 19.32656263734, -0.01193217327
 4.64158883361, 19.54670491479, -0.00001555053, 0.66666666667, 129.00000000000, 0.00002982470, 0.00000000354, 0.00002982116, 31.83101049242, -0.21107416916, 0.00000000000, 0.00002982116, 19.32655724304, -0.01342927452
 5.41169526546, 19.54670491479, -0.00001905159, 0.73333333333, 130.00000000000, 0.00005340784, 0.00000000763, 0.00005340021, 31.83015794672, -0.23496624553, 0.00000000000, 0.00005340021, 19.32655041021, -0.01511421039
 6.30957344480, 19.54670491479, -0.00005360030, 0.80000000000, 131.00000000000, 0.00006214771, 0.00000001614, 0.00006213157, 31.82910149084, -0.26155846584, 0.00000000000, 0.00006213157, 19.32654175523, -0.01701054635
 7.35642254460, 19.54670491479, -0.00009858176, 0.86666666667, 132.00000000000, 0.00004905383, 0.00000003342, 0.00004902040, 31.82779240179, -0.29115436519, 0.00000000000, 0.00004902040, 19.32653079217, -0.01914480379
 8.57695898591, 19.54670491479, -0.00014356322, 0.93333333333, 133.00000000000, 0.00001528414, 0.00000006782, 0.00001521632, 31.82617034012, -0.32409098544, 0.00000000000, 0.00001521632, 19.32651690553, -0.02154683054
 10.00000000000, 19.54670491479, -0.00018854469, 1.00000000000, 134.00000000000, 0.00003937232, 0.00000013484, 0.00003923749, 31.82416059412, -0.36074233970, 0.00000000000, 0.00003923749, 19.32649931570, -0.02425021784
 11.65914401180, 19.54670491479, -0.00023352615, 1.06666666667, 135.00000000000, 0.00008917083, 0.00000026262, 0.00008890820, 31.82167067750, -0.40152314441, 0.00000000000, 0.00008890820, 19.32647703516, -0.02729276921
 13.59356390878, 19.54670491479, -0.00054413997, 1.13333333333, 136.00000000000, 0.00011986071, 0.00000050114, 0.00011935957, 31.81858613294, -0.44689280270, 0.00000000000, 0.00011935957, 19.32644881305, -0.03071702808
 15.84893192461, 19.54670491479, -0.00112206052, 1.20000000000, 137.00000000000, 0.00011344309, 0.00000093691, 0.00011250618, 31.81476536226, -0.49735960318, 0.00000000000, 0.00011250618, 19.32641306502, -0.03457087106
 18.47849797422, 19.54670491479, -0.00169998106, 1.26666666667, 138.00000000000, 0.00006096263, 0.00000171605, 0.00005924657, 31.81003326652, -0.55348507097, 0.00000000000, 0.00005924657, 19.32636778426, -0.03890817510
 21.54434690032, 19.54670491479, -0.00227790161, 1.33333333333, 139.00000000000, 0.00004381364, 0.00000307941, 0.00004073423, 31.80417343651, -0.61588836840, 0.00000000000, 0.00004073423, 19.32631042888, -0.04378956753
 25.11886431510, 19.54670491479, -0.00285582215, 1.40000000000, 140.00000000000, 0.00016239376, 0.00000541387, 0.00015697989, 31.79691858509, -0.68525058764, 0.00000000000, 0.00015697989, 19.32623777936, -0.04928326894
 29.28644564625, 19.54670491479, -0.00513436928, 1.46666666667, 141.00000000000, 0.00027312652, 0.00000932501, 0.00026380151, 31.78793885889, -0.76231870152, 0.00000000000, 0.00026380151, 19.32614575787, -0.05546604018
 34.14548873834, 19.54670491479, -0.01255947555, 1.53333333333, 142.00000000000, 0.00032993216, 0.00001573594, 0.00031419622, 31.77682761096, -0.84790883395, 0.00000000000, 0.00031419622, 19.32602919960, -0.06242424566
 39.81071705535, 19.54670491479, -0.01998458182, 1.60000000000, 143.00000000000, 0.00028952349, 0.00002601589, 0.00026350760, 31.76308416135, -0.94290836940, 0.00000000000, 0.00026350760, 19.32588156321, -0.07025504660
 46.41588833613, 19.54670491479, -0.02740968810, 1.66666666667, 144.00000000000, 0.00012889893, 0.00004213925, 0.00008675969, 31.74609302860, -1.04827623056, 0.00000000000, 0.00008675969, 19.32569456414, -0.07906773904
 54.11695265465, 19.54670491479, -0.03483479437, 1.73333333333, 145.00000000000, 0.00022638751, 0.00006687088, 0.00015951663, 31.72509909456, -1.16504040104, 0.00000000000, 0.00015951663, 19.32545771056, -0.08898525256
 63.09573444802, 19.54670491479, -0.04225990064, 1.80000000000, 146.00000000000, 0.00066694496, 0.00010396554, 0.00056297942, 31.69917818901, -1.29429144219, 0.00000000000, 0.00056297942, 19.32515771592, -0.10014582705
 73.56422544596, 19.54670491479, -0.13750862400, 1.86666666667, 147.00000000000, 0.00119890876, 0.00015835946, 0.00104054930, 31.66720268286, -1.43717033484, 0.00000000000, 0.00104054930, 19.32477775564, -0.11270488536
 85.76958985909, 19.54670491479, -0.23290617248, 1.93333333333, 148.00000000000, 0.00174759182, 0.00023632016, 0.00151127166, 31.62780190724, -1.59484845864, 0.00000000000, 0.00151127165, 19.32429652672, -0.12683712053
 100.00000000000, 19.54670491479, -0.32830372096, 2.00000000000, 149.00000000000, 0.00222839715, 0.00034550928, 0.00188288788, 31.57931764061, -1.76849690443, 0.00000000000, 0.00188288787, 19.32368705851, -0.14273881562
 116.59144011798, 19.54670491479, -0.42370126943, 2.06666666667, 150.00000000000, 0.00255643841, 0.00049490384, 0.00206153457, 31.51975562224, -1.95924162153, 0.00000000001, 0.00206153456, 19.32291520930, -0.16063041309
 135.93563908785, 19.54670491479, -0.51909881791, 2.13333333333, 151.00000000000, 0.00266077498, 0.00069451897, 0.00196625601, 31.44673518132, -2.16810019689, 0.00000000003, 0.00196625598, 19.32193776697, -0.18075934749
 158.48931924611, 19.54670491479, -0.90381318939, 2.20000000000, 152.00000000000, 0.00249712145, 0.00095488172, 0.00154223973, 31.35744076124, -2.39589548030, 0.00000000011, 0.00154223962, 19.32070005088, -0.20340314938
 184.78497974223, 19.54670491479, -1.48475595938, 2.26666666667, 153.00000000000, 0.00205759213, 0.00128622580, 0.00077136633, 31.24858151777, -2.64314104934, 0.00000000036, 0.00077136597, 19.31913288672, -0.22887281929
 215.44346900318, 19.54670491479, -2.06590341190, 2.33333333333, 154.00000000000, 0.00138464084, 0.00169741107, -0.00031277023, 31.11636837800, -2.90989404240, 0.00000000112, -0.00031277136, 19.31714879472, -0.25751645524
 251.18864315095, 19.54670491479, -2.71522644667, 2.40000000000, 155.00000000000, 0.00069448554, 0.00219461842, -0.00150013288, 30.95652193015, -3.19557275968, 0.00000000338, -0.00150013626, 19.31463719342, -0.28972309458
 292.86445646252, 19.54670491479, -3.36454948143, 2.46666666667, 156.00000000000, 0.00103337773, 0.00277992567, -0.00174654794, 30.76432894321, -3.49874041728, 0.00000000981, -0.00174655776, 19.31145837551, -0.32592669673
 341.45488738335, 19.54670491479, -4.04190232706, 2.53333333333, 157.00000000000, 0.00209628281, 0.00344992397, -0.00135364115, 30.53476935059, -3.81686341729, 0.00000002733, -0.00135366849, 19.30743595926, -0.36661014292
 398.10717055349, 19.54670491479, -4.74748894597, 2.60000000000, 158.00000000000, 0.00325593248, 0.00419457572, -0.00093864324, 30.26273757272, -4.14606318619, 0.00000007312, -0.00093871636, 19.30234745725, -0.41230905651
 464.15888336127, 19.54670491479, -5.45307556489, 2.66666666667, 159.00000000000, 0.00439418832, 0.00499653264, -0.00060234431, 29.94337957754, -4.48089505724, 0.00000018792, -0.00060253223, 19.29591253822, -0.46361514340
 541.16952654646, 19.54670491479, -6.13977031350, 2.73333333333, 160.00000000000, 0.00546111434, 0.00583111482, -0.00037000049, 29.57255680648, -4.81420431887, 0.00000046391, -0.00037046439, 19.28777848906, -0.52117860583
 630.95734448018, 19.54670491479, -6.82635978808, 2.80000000000, 161.00000000000, 0.00643056284, 0.00666709485, -0.00023653200, 29.14742685299, -5.13712440536, 0.00000110011, -0.00023763211, 19.27750232424, -0.58570897912
 735.64225445963, 19.54670491479, -7.47322090037, 2.86666666667, 162.00000000000, 0.00728928324, 0.00746833600, -0.00017905276, 28.66709735669, -5.43928819080, 0.00000250597, -0.00018155873, 19.26452895260, -0.65797346223
 857.69589859088, 19.54670491479, -8.08066007041, 2.93333333333, 163.00000000000, 0.00802922494, 0.00819621305, -0.00016698811, 28.13326746569, -5.70931117598, 0.00000548345, -0.00017247157, 19.24816482598, -0.73879143828
 999.99999999999, 19.54670491479, -8.68699246856, 3.00000000000, 164.00000000000, 0.00864175348, 0.00881261514, -0.00017086166, 27.55073112906, -5.93556687246, 0.00001152582, -0.00018238748, 19.22754660276, -0.82902338981
 1165.91440117982, 19.54670491479, -9.11746715300, 3.06666666667, 165.00000000000, 0.00911501429, 0.00928321790, -0.00016820361, 26.92759623174, -6.10720878621, 0.00002327171, -0.00019147532, 19.20160463146, -0.92955178947
 1359.35639087851, 19.54670491479, -9.54794183744, 3.13333333333, 166.00000000000, 0.00943519180, 0.00958063865, -0.00014544685, 26.27509276539, -6.21531224743, 0.00004513601, -0.00019058287, 19.16902159641, -1.04125079190
 1584.89319246109, 19.54670491479, -9.87840778161, 3.20000000000, 167.00000000000, 0.00959125637, 0.00968707252, -0.00009581615, 25.60691233126, -6.25393983089, 0.00008409241, -0.00017990857, 19.12818761144, -1.16494070447
 1847.84979742227, 19.54670491479, -10.10745204866, 3.26666666667, 168.00000000000, 0.00958164066, 0.00959605696, -0.00001441629, 24.93813014030, -6.22090969761, 0.00015049743, -0.00016491372, 19.07715458550, -1.30132238425
 2154.43469003186, 19.54670491479, -10.33567302121, 3.33333333333, 169.00000000000, 0.00942054607, 0.00931312127, 0.00010742480, 24.28387547693, -6.11808949769, 0.00025872593, -0.00015130113, 19.01359503326, -1.45088613094
 2511.88643150955, 19.54670491479, -10.38348282741, 3.40000000000, 170.00000000000, 0.00914148999, 0.00885523058, 0.00028625941, 23.65799209765, -5.95114441163, 0.00042725729, -0.00014099788, 18.93477386239, -1.61378975113
 2928.64456462521, 19.54670491479, -10.43129263362, 3.46666666667, 171.00000000000, 0.00879631296, 0.00824910184, 0.00054721112, 23.07193314451, -5.72880067597, 0.00067776266, -0.00013055154, 18.83754610542, -1.78970196202
 3414.54887383357, 18.97734613231, -10.45200692337, 3.53333333333, 172.00000000000, 0.00844902146, 0.00752862441, 0.00092039705, 22.53406445967, -5.46179561079, 0.00103277196, -0.00011237491, 18.71839879947, -1.97761120078
 3981.07170553494, 17.84896234509, -10.44611747629, 3.60000000000, 173.00000000000, 0.00816524564, 0.00673173131, 0.00143351433, 22.04943683184, -5.16173400713, 0.00151171481, -0.00007820048, 18.57356028814, -2.17560746184
 4641.58883361274, 16.72057855786, -10.44022802920, 3.66666666667, 174.00000000000, 0.00799937769, 0.00589712169, 0.00210225600, 21.61997688025, -4.84005109063, 0.00212556277, -0.00002330677, 18.39920304693, -2.38065711951
 5411.69526546459, 15.61287822191, -10.36217657677, 3.73333333333, 175.00000000000, 0.00798230413, 0.00506122426, 0.00292107987, 21.24497336687, -4.50721512132, 0.00287089057, 0.00005018930, 18.19176320324, -2.58840796447
 6309.57344480188, 14.50520225082, -10.28404011839, 3.80000000000, 176.00000000000, 0.00811282137, 0.00425572198, 0.00385709939, 20.92171280193, -4.17222131010, 0.00372475727, 0.00013234211, 17.94838652337, -2.79308167297
 7356.42254459636, 13.38477473538, -10.17604701378, 3.86666666667, 177.00000000000, 0.00835519090, 0.00350584806, 0.00484934284, 20.64613603200, -3.84236099054, 0.00464213698, 0.00020720586, 17.66748238862, -2.98752739999
 8576.95898590888, 12.24931372037, -10.03285426073, 3.93333333333, 178.00000000000, 0.00864391843, 0.00282953524, 0.00581438319, 20.41342675018, -3.52320924918, 0.00555746278, 0.00025692041, 17.34932354134, -3.16351215773
 9999.99999999994, 11.11385270537, -9.88966150768, 4.00000000000, 179.00000000000, 0.00889511892, 0.00223737767, 0.00665774125, 20.21848531119, -3.21876022625, 0.00639107346, 0.00026666779, 16.99657805304, -3.31229767941
 11659.14401179824, 10.00483655220, -9.61253538435, 4.06666666667, 180.00000000000, 0.00902227382, 0.00173326779, 0.00728900603, 20.05627554728, -2.93164420811, 0.00706008113, 0.00022892489, 16.61462078162, -3.42549093302
 13593.56390878516, 8.89608590687, -9.33406456278, 4.13333333333, 181.00000000000, 0.00895314473, 0.00131551017, 0.00763763456, 19.92205447657, -2.66337508611, 0.00749176611, 0.00014586845, 16.21147258269, -3.49606341789
 15848.93192461101, 7.84041532224, -8.96714105230, 4.20000000000, 182.00000000000, 0.00864426271, 0.00097819385, 0.00766606886, 19.81150582379, -2.41459344595, 0.00763655290, 0.00002951596, 15.79727885968, -3.51934312606
 18478.49797422276, 6.83734227215, -8.51256893523, 4.26666666667, 183.00000000000, 0.00808985183, 0.00071261969, 0.00737723213, 19.72080123642, -2.18528523062, 0.00747737489, -0.00010014275, 15.38336050205, -3.49373915555
 21544.34690031865, 5.83426922206, -8.05799681817, 4.33333333333, 184.00000000000, 0.00732320759, 0.00050861936, 0.00681458823, 19.64661128968, -1.97496691572, 0.00703298322, -0.00021839500, 14.98100852844, -3.42099988198
 25118.86431509556, 5.03145782878, -7.49424887780, 4.40000000000, 185.00000000000, 0.00641018811, 0.00035565599, 0.00605453212, 19.58608442557, -1.78283538404, 0.00635431359, -0.00029978147, 14.60028540705, -3.30592954396
 29286.44564625207, 4.22871072007, -6.93046589168, 4.46666666667, 186.00000000000, 0.00543621148, 0.00024365176, 0.00519255973, 19.53680753465, -1.60788487424, 0.00551488349, -0.00032232376, 14.24909356488, -3.15564562050
 34145.48873833566, 3.54902932171, -6.35612553098, 4.53333333333, 187.00000000000, 0.00448958387, 0.00016353516, 0.00432604871, 19.49675785411, -1.44899538577, 0.00459772166, -0.00027167294, 13.93267634005, -2.97858015518
 39810.71705534928, 2.99298639770, -5.77117866027, 4.60000000000, 188.00000000000, 0.00364478620, 0.00010753626, 0.00353724995, 19.46425258254, -1.30499753798, 0.00368203274, -0.00014478279, 13.65357777281, -2.78346468618
 46415.88833612725, 2.43707719526, -5.18626547936, 4.66666666667, 189.00000000000, 0.00294934627, 0.00006927888, 0.00288006739, 19.43790015184, -1.17471870369, 0.00283250869, 0.00004755870, 13.41196829125, -2.57849122700
 54116.95265464571, 2.08104766270, -4.65170994996, 4.73333333333, 190.00000000000, 0.00241709443, 0.00004372693, 0.00237336751, 19.41655535609, -1.05701467275, 0.00209311694, 0.00028025056, 13.20618319589, -2.37074945132
 63095.73444801853, 1.72501813014, -4.11715442055, 4.80000000000, 191.00000000000, 0.00202904048, 0.00002703954, 0.00200200094, 19.39927936753, -0.95079039982, 0.00148577953, 0.00051622141, 13.03332240038, -2.16594911286
 73564.22544596317, 1.42812214941, -3.64057170044, 4.86666666667, 192.00000000000, 0.00174119781, 0.00001638143, 0.00172481638, 19.38530492622, -0.85501269320, 0.00101310366, 0.00071171272, 12.88980026110, -1.96837595206
 85769.58985908823, 1.19031953848, -3.22192239631, 4.93333333333, 193.00000000000, 0.00149726515, 0.00000972314, 0.00148754201, 19.37400654575, -0.76871707699, 0.00066357808, 0.00082396393, 12.77178564813, -1.78100499039
 99999.99999999857, 0.95251692754, -2.80327309219, 5.00000000000, 194.00000000000, 0.00124361795, 0.00000565410, 0.00123796385, 19.36487533640, -0.69101053269, 0.00041751186, 0.00082045199, 12.67551550341, -1.60569808252
 116591.44011798144, 0.80141616138, -2.39594704219, 5.06666666667, 195.00000000000, 0.00094435073, 0.00000322123, 0.00094112950, 19.35749793690, -0.62107140064, 0.00025233892, 0.00068879058, 12.59749261017, -1.44342945184
 135935.63908785046, 0.65045344587, -1.98863902159, 5.13333333333, 196.00000000000, 0.00059855984, 0.00000179797, 0.00059676187, 19.35153901722, -0.55814738722, 0.00014650023, 0.00045026164, 12.53459108304, -1.29450289935
 158489.31924610882, 0.52518082967, -1.62087066120, 5.20000000000, 197.00000000000, 0.00031506631, 0.00000098321, 0.00031408310, 19.34672683257, -0.50155236599, 0.00008170168, 0.00023238142, 12.48409564261, -1.15874143622
 184784.97974222605, 0.42558646313, -1.29262372324, 5.26666666667, 198.00000000000, 0.00047555010, 0.00000052676, 0.00047502334, 19.34284135169, -0.45066246648, 0.00004376857, 0.00043125477, 12.44369773537, -1.03564218092
 215443.46900318470, 0.32599401778, -0.96437796061, 5.33333333333, 199.00000000000, 0.00083785946, 0.00000027649, 0.00083758297, 19.33970453655, -0.40491179870, 0.00002252331, 0.00081505966, 12.41146644431, -0.92449671403
 251188.64315095361, 0.26586358832, -0.66027408022, 5.40000000000, 200.00000000000, 0.00114892329, 0.00000014218, 0.00114878110, 19.33717240672, -0.36378805446, 0.00001113374, 0.00113764737, 12.38580692367, -0.82448083953
 292864.45646251837, 0.20573315886, -0.35617019983, 5.46666666667, 201.00000000000, 0.00133939227, 0.00000007163, 0.00133932064, 19.33512857567, -0.32682814813, 0.00000528674, 0.00133403390, 12.36541470399, -0.73471910701
 341454.88738335378, 0.14560272940, -0.20425364210, 5.53333333333, 202.00000000000, 0.00138136239, 0.00000003536, 0.00138132703, 19.33347899590, -0.29361400310, 0.00000241143, 0.00137891561, 12.34923090632, -0.65432950869
 398107.17055348959, 0.08547229994, -0.20446582855, 5.60000000000, 203.00000000000, 0.00127617386, 0.00000001710, 0.00127615676, 19.33214769300, -0.26376854998, 0.00000105657, 0.00127510019, 12.33640109950, -0.58245316728
 464158.88336126873, 0.02534187048, -0.17800903485, 5.66666666667, 204.00000000000, 0.00105078507, 0.00000000810, 0.00105077697, 19.33107330674, -0.23695197398, 0.00000044469, 0.00105033227, 12.32623902928, -0.51827299575
 541169.52654645266, 0.00000000000, -0.13822420964, 5.73333333333, 205.00000000000, 0.00075090181, 0.00000000376, 0.00075089805, 19.33020628920, -0.21285822919, 0.00000017979, 0.00075071826, 12.31819552768, -0.46102446443
 630957.34448018007, 0.00000000000, -0.09843938442, 5.80000000000, 206.00000000000, 0.00043112865, 0.00000000171, 0.00043112694, 19.32950663686, -0.19121182390, 0.00000006982, 0.00043105712, 12.31183238970, -0.41000086177
 735642.25445962558, 0.00000000000, -0.06526739008, 5.86666666667, 207.00000000000, 0.00014638689, 0.00000000076, 0.00014638613, 19.32894205594, -0.17176487246, 0.00000002605, 0.00014636008, 12.30680074217, -0.36455481770
 857695.89859087532, 0.00000000000, -0.05192290969, 5.93333333333, 208.00000000000, 0.00009287308, 0.00000000033, 0.00009287275, 19.32848647911, -0.15429440293, 0.00000000933, 0.00009286342, 12.30282332676, -0.32409737282
 999999.99999997753, 0.00000000000, -0.03857842931, 6.00000000000, 209.00000000000, 0.00021375936, 0.00000000014, 0.00021375922, 19.32811886666, -0.13859990671, 0.00000000321, 0.00021375600, 12.29968010808, -0.28809550741
 1165914.40117980493, 0.00000000000, -0.02523394893, 6.06666666667, 210.00000000000, 0.00024949481, 0.00000000006, 0.00024949475, 19.32782223788, -0.12450111430, 0.00000000106, 0.00024949369, 12.29719665649, -0.25606876920
 1359356.39087849367, 0.00000000000, -0.01928079142, 6.13333333333, 211.00000000000, 0.00021184435, 0.00000000002, 0.00021184433, 19.32758288873, -0.11183598051, 0.00000000034, 0.00021184399, 12.29523481603, -0.22758543863
 1584893.19246107526, 0.00000000000, -0.01480483467, 6.20000000000, 212.00000000000, 0.00012893740, 0.00000000001, 0.00012893739, 19.32738975999, -0.10045886240, 0.00000000010, 0.00012893728, 12.29368523637, -0.20225852615
 1847849.79742224538, 0.00000000000, -0.01032887793, 6.26666666667, 213.00000000000, 0.00003537548, 0.00000000000, 0.00003537547, 19.32723392713, -0.09023887387, 0.00000000003, 0.00003537544, 12.29246141365, -0.17974179383
 2154434.69003182929, 0.00000000000, -0.00709264365, 6.33333333333, 214.00000000000, 0.00005600686, 0.00000000000, 0.00005600686, 19.32710818848, -0.08105840111, 0.00000000001, 0.00005600685, 12.29149494655, -0.15972592245
 2511886.43150951527, 0.00000000000, -0.00559133463, 6.40000000000, 215.00000000000, 0.00010576775, 0.00000000000, 0.00010576775, 19.32700673272, -0.07281176451, 0.00000000000, 0.00010576775, 12.29073176619, -0.14193489545
 2928644.56462515937, 0.00000000000, -0.00409002561, 6.46666666667, 216.00000000000, 0.00011832959, 0.00000000000, 0.00011832959, 19.32692487059, -0.06540401331, 0.00000000000, 0.00011832959, 12.29012914440, -0.12612263763
 3414548.87383351010, 0.00000000000, -0.00258880865, 6.53333333333, 217.00000000000, 0.00009761995, 0.00000000000, 0.00009761995, 19.32685881825, -0.05874984048, 0.00000000000, 0.00009761995, 12.28965332218, -0.11206992425
 3981071.70553486329, 0.00000000000, -0.00208524508, 6.60000000000, 218.00000000000, 0.00005623213, 0.00000000000, 0.00005623213, 19.32680552253, -0.05277260616, 0.00000000000, 0.00005623213, 12.28927763134, -0.09958156122
 4641588.83361264877, 0.00000000000, -0.00158168150, 6.66666666667, 219.00000000000, 0.00001185220, 0.00000000000, 0.00001185220, 19.32676251983, -0.04740345926, 0.00000000000, 0.00001185220, 12.28898100792, -0.08848382795
 5411695.26546448283, 0.00000000000, -0.00107811793, 6.73333333333, 220.00000000000, 0.00003051747, 0.00000000000, 0.00003051747, 19.32672782232, -0.04258054739, 0.00000000000, 0.00003051747, 12.28874681621, -0.07862216906
 6309573.44480174966, 0.00000000000, -0.00076980235, 6.80000000000, 221.00000000000, 0.00005078916, 0.00000000000, 0.00005078916, 19.32669982602, -0.03824830662, 0.00000000000, 0.00005078916, 12.28856191884, -0.06985911787
 7356422.54459619522, 0.00000000000, -0.00060089890, 6.86666666667, 222.00000000000, 0.00005169298, 0.00000000000, 0.00005169298, 19.32667723675, -0.03435682293, 0.00000000000, 0.00005169298, 12.28841594183, -0.06207243348
 8576958.98590868339, 0.00000000000, -0.00043199545, 6.93333333333, 223.00000000000, 0.00003676345, 0.00000000000, 0.00003676345, 19.32665901023, -0.03086125830, 0.00000000000, 0.00003676345, 12.28830069369, -0.05515343297
 9999999.99999969267, 0.00000000000, -0.00028180991, 7.00000000000, 224.00000000000, 0.00001389155, 0.00000000000, 0.00001389155, 19.32664430388, -0.02772133493, 0.00000000000, 0.00001389155, 12.28820970656, -0.04900550070
 11659144.01179795340, 0.00000000000, -0.00022515694, 7.06666666667, 225.00000000000, 0.00001053052, 0.00000000000, 0.00001053052, 19.32663243784, -0.02490087178, 0.00000000000, 0.00001053052, 12.28813787367, -0.04354275760
 13593563.90878482350, 0.00000000000, -0.00016850396, 7.13333333333, 226.00000000000, 0.00002558281, 0.00000000000, 0.00002558281, 19.32662286355, -0.02236736807, 0.00000000000, 0.00002558281, 12.28808116302, -0.03868887449
 15848931.92461062220, 0.00000000000, -0.00011185098, 7.20000000000, 227.00000000000, 0.00003026033, 0.00000000000, 0.00003026033, 19.32661513840, -0.02009162912, 0.00000000000, 0.00003026033, 12.28803639125, -0.03437601458
 18478497.97422230240, 0.00000000000, -0.00008343903, 7.26666666667, 228.00000000000, 0.00002461197, 0.00000000000, 0.00002461197, 19.32660890525, -0.01804743013, 0.00000000000, 0.00002461197, 12.28800104507, -0.03054389179
 21544346.90031811600, 0.00000000000, -0.00006443669, 7.33333333333, 229.00000000000, 0.00001224455, 0.00000000000, 0.00001224455, 19.32660387594, -0.01621121418, 0.00000000000, 0.00001224455, 12.28797314022, -0.02713893251
 25118864.31509494780, 0.00000000000, -0.00004543436, 7.40000000000, 230.00000000000, 0.00000331110, 0.00000000000, 0.00000331110, 19.32659981798, -0.01456182088, 0.00000000000, 0.00000331110, 12.28795111013, -0.02411352973
 29286445.64625135440, 0.00000000000, -0.00003064254, 7.46666666667, 231.00000000000, 0.00001352367, 0.00000000000, 0.00001352367, 19.32659654375, -0.01308024258, 0.00000000000, 0.00001352367, 12.28793371804, -0.02142537967
 34145488.73833481970, 0.00000000000, -0.00002426885, 7.53333333333, 232.00000000000, 0.00001834580, 0.00000000000, 0.00001834580, 19.32659390190, -0.01174940543, 0.00000000000, 0.00001834580, 12.28791998751, -0.01903689176
 39810717.05534830690, 0.00000000000, -0.00001789516, 7.60000000000, 233.00000000000, 0.00001641546, 0.00000000000, 0.00001641546, 19.32659177028, -0.01055397264, 0.00000000000, 0.00001641546, 12.28790914769, -0.01691466403
 46415888.33612611150, 0.00000000000, -0.00001152146, 7.66666666667, 234.00000000000, 0.00000940116, 0.00000000000, 0.00000940116, 19.32659005036, -0.00948016779, 0.00000000000, 0.00000940116, 12.28790059000, -0.01502901683
 54116952.65464438500, 0.00000000000, -0.00000903094, 7.73333333333, 235.00000000000, 0.00000158743, 0.00000000000, 0.00000158743, 19.32658866261, -0.00851561605, 0.00000000000, 0.00000158743, 12.28789383399, -0.01335357821
 63095734.44801697880, 0.00000000000, -0.00000689310, 7.80000000000, 236.00000000000, 0.00000783176, 0.00000000000, 0.00000783176, 19.32658754289, -0.00764920166, 0.00000000000, 0.00000783176, 12.28788850033, -0.01186491551
 73564225.44596135620, 0.00000000000, -0.00000475526, 7.86666666667, 237.00000000000, 0.00001188880, 0.00000000000, 0.00001188880, 19.32658663943, -0.00687093978, 0.00000000000, 0.00001188880, 12.28788428959, -0.01054220790
 85769589.85908612610, 0.00000000000, -0.00000332791, 7.93333333333, 238.00000000000, 0.00001141887, 0.00000000000, 0.00001141887, 19.32658591046, -0.00617186144, 0.00000000000, 0.00001141887, 12.28788096535, -0.00936695531
 99999999.99999611080, 0.00000000000, -0.00000261084, 8.00000000000, 239.00000000000, 0.00000717943, 0.00000000000, 0.00000717943, 19.32658532228, -0.00554391021, 0.00000000000, 0.00000717943, 12.28787834097, -0.00832271986
 116591440.11797881100, 0.00000000000, -0.00000189377, 8.06666666667, 240.00000000000, 0.00000145279, 0.00000000000, 0.00000145279, 19.32658484770, -0.00497984935, 0.00000000000, 0.00000145279, 12.28787626911, -0.00739489601
 135935639.08784741200, 0.00000000000, -0.00000121645, 8.13333333333, 241.00000000000, 0.00000480453, 0.00000000000, 0.00000480453, 19.32658446478, -0.00447317839, 0.00000000000, 0.00000480453, 12.28787463345, -0.00657050634
 158489319.24610525400, 0.00000000000, -0.00000097593, 8.20000000000, 242.00000000000, 0.00000807196, 0.00000000000, 0.00000807196, 19.32658415582, -0.00401805825, 0.00000000000, 0.00000807196, 12.28787334215, -0.00583802009
 184784979.74222189200, 0.00000000000, -0.00000073542, 8.26666666667, 243.00000000000, 0.00000819984, 0.00000000000, 0.00000819984, 19.32658390653, -0.00360924395, 0.00000000000, 0.00000819984, 12.28787232271, -0.00518719190
 215443469.00317984800, 0.00000000000, -0.00000049490, 8.33333333333, 244.00000000000, 0.00000550650, 0.00000000000, 0.00000550650, 19.32658370538, -0.00324202414, 0.00000000000, 0.00000550650, 12.28787151790, -0.00460891853
 251188643.15094792800, 0.00000000000, -0.00000036096, 8.40000000000, 245.00000000000, 0.00000140237, 0.00000000000, 0.00000140237, 19.32658354308, -0.00291216682, 0.00000000000, 0.00000140237, 12.28787088253, -0.00409511156
 292864456.46251177800, 0.00000000000, -0.00000028029, 8.46666666667, 246.00000000000, 0.00000311050, 0.00000000000, 0.00000311050, 19.32658341213, -0.00261587058, 0.00000000000, 0.00000311050, 12.28787038093, -0.00363858424
 341454887.38334608100, 0.00000000000, -0.00000019961, 8.53333333333, 247.00000000000, 0.00000571401, 0.00000000000, 0.00000571401, 19.32658330647, -0.00234972078, 0.00000000000, 0.00000571401, 12.28786998493, -0.00323295103
 398107170.55348062500, 0.00000000000, -0.00000013235, 8.60000000000, 248.00000000000, 0.00000607038, 0.00000000000, 0.00000607038, 19.32658322122, -0.00211065019, 0.00000000000, 0.00000607038, 12.28786967230, -0.00287253819
 464158883.36125826800, 0.00000000000, -0.00000010529, 8.66666666667, 249.00000000000, 0.00000428165, 0.00000000000, 0.00000428165, 19.32658315243, -0.00189590365, 0.00000000000, 0.00000428165, 12.28786942549, -0.00255230454
 541169526.54644048200, 0.00000000000, -0.00000007823, 8.73333333333, 250.00000000000, 0.00000128063, 0.00000000000, 0.00000128063, 19.32658309693, -0.00170300634, 0.00000000000, 0.00000128063, 12.28786923064, -0.00226777087
 630957344.48016583900, 0.00000000000, -0.00000005117, 8.80000000000, 251.00000000000, 0.00000210230, 0.00000000000, 0.00000210230, 19.32658305215, -0.00152973522, 0.00000000000, 0.00000210230, 12.28786907682, -0.00201495731
 735642254.45960903200, 0.00000000000, -0.00000003910, 8.86666666667, 252.00000000000, 0.00000418237, 0.00000000000, 0.00000418237, 19.32658301601, -0.00137409345, 0.00000000000, 0.00000418237, 12.28786895538, -0.00179032766
 857695898.59085595600, 0.00000000000, -0.00000003002, 8.93333333333, 253.00000000000, 0.00000460785, 0.00000000000, 0.00000460785, 19.32658298686, -0.00123428732, 0.00000000000, 0.00000460785, 12.28786885951, -0.00159073998
 999999999.99995505800, 0.00000000000, -0.00000002094, 9.00000000000, 254.00000000000, 0.00000337427, 0.00000000000, 0.00000337427, 19.32658296334, -0.00110870567, 0.00000000000, 0.00000337427, 12.28786878382, -0.00141340254
 1165914401.17977858000, 0.00000000000, -0.00000001438, 9.06666666667, 255.00000000000, 0.00000112696, 0.00000000000, 0.00000112696, 19.32658294435, -0.00099590123, 0.00000000000, 0.00000112696, 12.28786872406, -0.00125583487
 1359356390.87846303000, 0.00000000000, -0.00000001134, 9.13333333333, 256.00000000000, 0.00000147538, 0.00000000000, 0.00000147538, 19.32658292904, -0.00089457400, 0.00000000000, 0.00000147538, 12.28786867689, -0.00111583301
 1584893192.46103954000, 0.00000000000, -0.00000000829, 9.20000000000, 257.00000000000, 0.00000314792, 0.00000000000, 0.00000314792, 19.32658291668, -0.00080355623, 0.00000000000, 0.00000314792, 12.28786863965, -0.00099143872
 1847849797.42220378000, 0.00000000000, -0.00000000525, 9.26666666667, 258.00000000000, 0.00000357178, 0.00000000000, 0.00000357178, 19.32658290671, -0.00072179899, 0.00000000000, 0.00000357178, 12.28786861025, -0.00088091204
 2154434690.03178072000, 0.00000000000, -0.00000000423, 9.33333333333, 259.00000000000, 0.00000269211, 0.00000000000, 0.00000269211, 19.32658289867, -0.00064836009, 0.00000000000, 0.00000269211, 12.28786858704, -0.00078270699
 2511886431.50945902000, 0.00000000000, -0.00000000321, 9.40000000000, 260.00000000000, 0.00000097149, 0.00000000000, 0.00000097149, 19.32658289218, -0.00058239317, 0.00000000000, 0.00000097149, 12.28786856871, -0.00069544995
 2928644564.62509346000, 0.00000000000, -0.00000000219, 9.46666666667, 261.00000000000, 0.00000107027, 0.00000000000, 0.00000107027, 19.32658288694, -0.00052313801, 0.00000000000, 0.00000107027, 12.28786855425, -0.00061792042
 3414548873.83343315000, 0.00000000000, -0.00000000156, 9.53333333333, 262.00000000000, 0.00000242471, 0.00000000000, 0.00000242471, 19.32658288271, -0.00046991172, 0.00000000000, 0.00000242471, 12.28786854283, -0.00054903397
 3981071705.53477383000, 0.00000000000, -0.00000000122, 9.60000000000, 263.00000000000, 0.00000281642, 0.00000000000, 0.00000281642, 19.32658287930, -0.00042210089, 0.00000000000, 0.00000281642, 12.28786853381, -0.00048782705
 4641588833.61254501000, 0.00000000000, -0.00000000088, 9.66666666667, 264.00000000000, 0.00000216971, 0.00000000000, 0.00000216971, 19.32658287655, -0.00037915455, 0.00000000000, 0.00000216971, 12.28786852669, -0.00043344355
 5411695265.46436119000, 0.00000000000, -0.00000000057, 9.73333333333, 265.00000000000, 0.00000082656, 0.00000000000, 0.00000082656, 19.32658287433, -0.00034057775, 0.00000000000, 0.00000082656, 12.28786852107, -0.00038512279
 6309573444.80160713000, 0.00000000000, -0.00000000046, 9.80000000000, 266.00000000000, 0.00000080033, 0.00000000000, 0.00000080033, 19.32658287254, -0.00030592592, 0.00000000000, 0.00000080033, 12.28786851664, -0.00034218887
 7356422544.59603023000, 0.00000000000, -0.00000000034, 9.86666666667, 267.00000000000, 0.00000190404, 0.00000000000, 0.00000190404, 19.32658287110, -0.00027479971, 0.00000000000, 0.00000190404, 12.28786851313, -0.00030404128
 8576958985.90849018000, 0.00000000000, -0.00000000023, 9.93333333333, 268.00000000000, 0.00000225152, 0.00000000000, 0.00000225152, 19.32658286993, -0.00024684042, 0.00000000000, 0.00000225152, 12.28786851037, -0.00027014642
 9999999999.99946785000, 0.00000000000, -0.00000000017, 10.00000000000, 269.00000000000, 0.00000176215, 0.00000000000, 0.00000176215, 19.32658286899, -0.00022172582, 0.00000000000, 0.00000176215, 12.28786850819, -0.00024003020
 11659144011.79769130000, 0.00000000000, -0.00000000013, 10.06666666667, 270.00000000000, 0.00000069600, 0.00000000000, 0.00000069600, 19.32658286823, -0.00019916649, 0.00000000000, 0.00000069600, 12.28786850646, -0.00021327137
 13593563908.78451920000, 0.00000000000, -0.00000000009, 10.13333333333, 271.00000000000, 0.00000061592, 0.00000000000, 0.00000061592, 19.32658286762, -0.00017890244, 0.00000000000, 0.00000061592, 12.28786850510, -0.00018949564
 15848931924.61026570000, 0.00000000000, -0.00000000006, 10.20000000000, 272.00000000000, 0.00000151948, 0.00000000000, 0.00000151948, 19.32658286712, -0.00016070015, 0.00000000000, 0.00000151948, 12.28786850403, -0.00016837045
 18478497974.22188570000, 0.00000000000, -0.00000000005, 10.26666666667, 273.00000000000, 0.00000181919, 0.00000000000, 0.00000181919, 19.32658286673, -0.00014434983, 0.00000000000, 0.00000181919, 12.28786850318, -0.00014960033
 21544346900.31763460000, 0.00000000000, -0.00000000004, 10.33333333333, 274.00000000000, 0.00000143820, 0.00000000000, 0.00000143820, 19.32658286640, -0.00012966306, 0.00000000000, 0.00000143820, 12.28786850251, -0.00013292272
 25118864315.09438320000, 0.00000000000, -0.00000000002, 10.40000000000, 275.00000000000, 0.00000057980, 0.00000000000, 0.00000057980, 19.32658286614, -0.00011647059, 0.00000000000, 0.00000057980, 12.28786850198, -0.00011810435
 29286445646.25069430000, 0.00000000000, -0.00000000002, 10.46666666667, 276.00000000000, 0.00000048755, 0.00000000000, 0.00000048755, 19.32658286593, -0.00010462038, 0.00000000000, 0.00000048755, 12.28786850156, -0.00010493794
 34145488738.33405300000, 0.00000000000, -0.00000000001, 10.53333333333, 277.00000000000, 0.00000122904, 0.00000000000, 0.00000122904, 19.32658286577, -0.00009397585, 0.00000000000, 0.00000122904, 12.28786850124, -0.00009323935
 39810717055.34741210000, 0.00000000000, -0.00000000001, 10.60000000000, 278.00000000000, 0.00000148125, 0.00000000000, 0.00000148125, 19.32658286563, -0.00008441435, 0.00000000000, 0.00000148125, 12.28786850098, -0.00008284492
 46415888336.12506860000, 0.00000000000, -0.00000000001, 10.66666666667, 279.00000000000, 0.00000117593, 0.00000000000, 0.00000117593, 19.32658286552, -0.00007582567, 0.00000000000, 0.00000117593, 12.28786850077, -0.00007360928
 54116952654.64316560000, 0.00000000000, -0.00000000001, 10.73333333333, 280.00000000000, 0.00000047643, 0.00000000000, 0.00000047643, 19.32658286543, -0.00006811085, 0.00000000000, 0.00000047643, 12.28786850061, -0.00006540323
 63095734448.01555630000, 0.00000000000, -0.00000000000, 10.80000000000, 281.00000000000, 0.00000039709, 0.00000000000, 0.00000039709, 19.32658286536, -0.00006118096, 0.00000000000, 0.00000039709, 12.28786850048, -0.00005811201
 73564225445.95970150000, 0.00000000000, -0.00000000000, 10.86666666667, 282.00000000000, 0.00000100528, 0.00000000000, 0.00000100528, 19.32658286530, -0.00005495615, 0.00000000000, 0.00000100528, 12.28786850038, -0.00005163362
 85769589859.08419790000, 0.00000000000, -0.00000000000, 10.93333333333, 283.00000000000, 0.00000121180, 0.00000000000, 0.00000121180, 19.32658286525, -0.00004936467, 0.00000000000, 0.00000121180, 12.28786850030, -0.00004587744
 99999999999.99386590000, 0.00000000000, -0.00000000000, 11.00000000000, 284.00000000000, 0.00000095967, 0.00000000000, 0.00000095967, 19.32658286522, -0.00004434210, 0.00000000000, 0.00000095967, 12.28786850024, -0.00004076298
 116591440117.97595200000, 0.00000000000, -0.00000000000, 11.06666666667, 285.00000000000, 0.00000038389, 0.00000000000, 0.00000038389, 19.32658286519, -0.00003983055, 0.00000000000, 0.00000038389, 12.28786850019, -0.00003621867
 135935639087.84407000000, 0.00000000000, -0.00000000000, 11.13333333333, 286.00000000000, 0.00000033311, 0.00000000000, 0.00000033311, 19.32658286516, -0.00003577802, 0.00000000000, 0.00000033311, 12.28786850015, -0.00003218098
 158489319246.10137900000, 0.00000000000, -0.00000000000, 11.20000000000, 287.00000000000, 0.00000082981, 0.00000000000, 0.00000082981, 19.32658286514, -0.00003213781, 0.00000000000, 0.00000082981, 12.28786850012, -0.00002859341
 184784979742.21734600000, 0.00000000000, -0.00000000000, 11.26666666667, 288.00000000000, 0.00000099287, 0.00000000000, 0.00000099287, 19.32658286513, -0.00002886797, 0.00000000000, 0.00000099287, 12.28786850009, -0.00002540578
 215443469003.17456000000, 0.00000000000, -0.00000000000, 11.33333333333, 289.00000000000, 0.00000077798, 0.00000000000, 0.00000077798, 19.32658286511, -0.00002593082, 0.00000000000, 0.00000077798, 12.28786850007, -0.00002257352
 251188643150.94177200000, 0.00000000000, -0.00000000000, 11.40000000000, 290.00000000000, 0.00000030018, 0.00000000000, 0.00000030018, 19.32658286510, -0.00002329251, 0.00000000000, 0.00000030018, 12.28786850006, -0.00002005700
 292864456462.50457700000, 0.00000000000, -0.00000000000, 11.46666666667, 291.00000000000, 0.00000028831, 0.00000000000, 0.00000028831, 19.32658286509, -0.00002092263, 0.00000000000, 0.00000028831, 12.28786850005, -0.00001782102
 341454887383.33770700000, 0.00000000000, -0.00000000000, 11.53333333333, 292.00000000000, 0.00000069000, 0.00000000000, 0.00000069000, 19.32658286509, -0.00001879387, 0.00000000000, 0.00000069000, 12.28786850004, -0.00001583431
 398107170553.47088600000, 0.00000000000, -0.00000000000, 11.60000000000, 293.00000000000, 0.00000081165, 0.00000000000, 0.00000081165, 19.32658286508, -0.00001688170, 0.00000000000, 0.00000081165, 12.28786850003, -0.00001406909
 464158883361.24688700000, 0.00000000000, -0.00000000000, 11.66666666667, 294.00000000000, 0.00000062237, 0.00000000000, 0.00000062237, 19.32658286508, -0.00001516409, 0.00000000000, 0.00000062237, 12.28786850002, -0.00001250065
 541169526546.42724600000, 0.00000000000, -0.00000000000, 11.73333333333, 295.00000000000, 0.00000022351, 0.00000000000, 0.00000022351, 19.32658286507, -0.00001362123, 0.00000000000, 0.00000022351, 12.28786850002, -0.00001110706
 630957344480.15039000000, 0.00000000000, -0.00000000000, 11.80000000000, 296.00000000000, 0.00000025793, 0.00000000000, 0.00000025793, 19.32658286507, -0.00001223535, 0.00000000000, 0.00000025793, 12.28786850001, -0.00000986883
 735642254459.59094200000, 0.00000000000, -0.00000000000, 11.86666666667, 297.00000000000, 0.00000057697, 0.00000000000, 0.00000057697, 19.32658286507, -0.00001099047, 0.00000000000, 0.00000057697, 12.28786850001, -0.00000876865
 857695898590.83496000000, 0.00000000000, -0.00000000000, 11.93333333333, 298.00000000000, 0.00000065885, 0.00000000000, 0.00000065885, 19.32658286507, -0.00000987225, 0.00000000000, 0.00000065885, 12.28786850001, -0.00000779111
 999999999999.93041900000, 0.00000000000, -0.00000000000, 12.00000000000, 299.00000000000, 0.00000048641, 0.00000000000, 0.00000048641, 19.32658286507, -0.00000886781, 0.00000000000, 0.00000048641, 12.28786850001, -0.00000692255
