f,Z',Z'',x,n,gamma,Z''_0,x_0,n_0,gamma_0,Z''_1,x_1,n_1,gamma_1,Z''_2,x_2,n_2,gamma_2
 0.00000001166, 19.40566411479, 0.00000000000, -7.93333333333, 0.00000000000, 0.00000020947, 0.00000000000, 0.00000020947, 31.83457341479, -0.00000012891, 0.00000000000, 0.00000020947, 20.91127676625, -0.00000000787, 0.00000000000, 0.00000020947, 13.40672425244, -0.00000000195
 0.00000001359, 19.40566411479, 0.00000000000, -7.86666666667, 1.00000000000, 0.00000014333, 0.00000000000, 0.00000014333, 31.83457341479, -0.00000014380, 0.00000000000, 0.00000014333, 20.91127676625, -0.00000000883, 0.00000000000, 0.00000014333, 13.40672425244, -0.00000000223
 0.00000001585, 19.40566411479, 0.00000000000, -7.80000000000, 2.00000000000, 0.00000002987, 0.00000000000, 0.00000002987, 31.83457341479, -0.00000016041, 0.00000000000, 0.00000002987, 20.91127676625, -0.00000000989, 0.00000000000, 0.00000002987, 13.40672425244, -0.00000000255
 0.00000001848, 19.40566411479, 0.00000000000, -7.73333333333, 3.00000000000, 0.00000011664, 0.00000000000, 0.00000011664, 31.83457341479, -0.00000017894, 0.00000000000, 0.00000011664, 20.91127676625, -0.00000001109, 0.00000000000, 0.00000011664, 13.40672425244, -0.00000000291
 0.00000002154, 19.40566411479, -0.00000000000, -7.66666666667, 4.00000000000, 0.00000020714, 0.00000000000, 0.00000020714, 31.83457341479, -0.00000019960, 0.00000000000, 0.00000020714, 20.91127676625, -0.00000001243, 0.00000000000, 0.00000020714, 13.40672425244, -0.00000000333
 0.00000002512, 19.40566411479, -0.00000000000, -7.60000000000, 5.00000000000, 0.00000022099, 0.00000000000, 0.00000022099, 31.83457341479, -0.00000022266, 0.00000000000, 0.00000022099, 20.91127676625, -0.00000001394, 0.00000000000, 0.00000022099, 13.40672425244, -0.00000000380
 0.00000002929, 19.40566411479, -0.00000000000, -7.53333333333, 6.00000000000, 0.00000015055, 0.00000000000, 0.00000015055, 31.83457341479, -0.00000024837, 0.00000000000, 0.00000015055, 20.91127676625, -0.00000001562, 0.00000000000, 0.00000015055, 13.40672425244, -0.00000000435
 0.00000003415, 19.40566411479, -0.00000000000, -7.46666666667, 7.00000000000, 0.00000003052, 0.00000000000, 0.00000003052, 31.83457341479, -0.00000027706, 0.00000000000, 0.00000003052, 20.91127676625, -0.00000001751, 0.00000000000, 0.00000003052, 13.40672425244, -0.00000000497
 0.00000003981, 19.40566411479, -0.00000000000, -7.40000000000, 8.00000000000, 0.00000012636, 0.00000000000, 0.00000012636, 31.83457341479, -0.00000030905, 0.00000000000, 0.00000012636, 20.91127676625, -0.00000001963, 0.00000000000, 0.00000012636, 13.40672425244, -0.00000000568
 0.00000004642, 19.40566411479, -0.00000000000, -7.33333333333, 9.00000000000, 0.00000022268, 0.00000000000, 0.00000022268, 31.83457341479, -0.00000034475, 0.00000000000, 0.00000022268, 20.91127676625, -0.00000002201, 0.00000000000, 0.00000022268, 13.40672425244, -0.00000000649
 0.00000005412, 19.40566411479, -0.00000000000, -7.26666666667, 10.00000000000, 0.00000023660, 0.00000000000, 0.00000023660, 31.83457341479, -0.00000038456, 0.00000000000, 0.00000023660, 20.91127676625, -0.00000002467, 0.00000000000, 0.00000023660, 13.40672425244, -0.00000000742
 0.00000006310, 19.40566411479, -0.00000000000, -7.20000000000, 11.00000000000, 0.00000015975, 0.00000000000, 0.00000015975, 31.83457341479, -0.00000042898, 0.00000000000, 0.00000015975, 20.91127676625, -0.00000002766, 0.00000000000, 0.00000015975, 13.40672425244, -0.00000000848
 0.00000007356, 19.40566411479, -0.00000000000, -7.13333333333, 12.00000000000, 0.00000003107, 0.00000000000, 0.00000003107, 31.83457341479, -0.00000047852, 0.00000000000, 0.00000003107, 20.91127676625, -0.00000003100, 0.00000000000, 0.00000003107, 13.40672425244, -0.00000000969
 0.00000008577, 19.40566411479, -0.00000000000, -7.06666666667, 13.00000000000, 0.00000014045, 0.00000000000, 0.00000014045, 31.83457341479, -0.00000053379, 0.00000000000, 0.00000014045, 20.91127676625, -0.00000003475, 0.00000000000, 0.00000014045, 13.40672425244, -0.00000001107
 0.00000010000, 19.40566411479, -0.00000000000, -7.00000000000, 14.00000000000, 0.00000024426, 0.00000000000, 0.00000024426, 31.83457341479, -0.00000059543, 0.00000000000, 0.00000024426, 20.91127676625, -0.00000003896, 0.00000000000, 0.00000024426, 13.40672425244, -0.00000001265
 0.00000011659, 19.40566411479, -0.00000000000, -6.93333333333, 15.00000000000, 0.00000025790, 0.00000000000, 0.00000025790, 31.83457341479, -0.00000066420, 0.00000000000, 0.00000025790, 20.91127676625, -0.00000004367, 0.00000000000, 0.00000025790, 13.40672425244, -0.00000001446
 0.00000013594, 19.40566411479, -0.00000000000, -6.86666666667, 16.00000000000, 0.00000017229, 0.00000000000, 0.00000017229, 31.83457341479, -0.00000074091, 0.00000000000, 0.00000017229, 20.91127676625, -0.00000004895, 0.00000000000, 0.00000017229, 13.40672425244, -0.00000001653
 0.00000015849, 19.40566411479, -0.00000000000, -6.80000000000, 17.00000000000, 0.00000003239, 0.00000000000, 0.00000003239, 31.83457341479, -0.00000082648, 0.00000000000, 0.00000003239, 20.91127676625, -0.00000005488, 0.00000000000, 0.00000003239, 13.40672425244, -0.00000001889
 0.00000018478, 19.40566411479, -0.00000000000, -6.73333333333, 18.00000000000, 0.00000015840, 0.00000000000, 0.00000015840, 31.83457341479, -0.00000092194, 0.00000000000, 0.00000015840, 20.91127676625, -0.00000006151, 0.00000000000, 0.00000015840, 13.40672425244, -0.00000002159
 0.00000021544, 19.40566411479, -0.00000000000, -6.66666666667, 19.00000000000, 0.00000027185, 0.00000000000, 0.00000027185, 31.83457341479, -0.00000102841, 0.00000000000, 0.00000027185, 20.91127676625, -0.00000006896, 0.00000000000, 0.00000027185, 13.40672425244, -0.00000002467
 0.00000025119, 19.40566411479, -0.00000000000, -6.60000000000, 20.00000000000, 0.00000028523, 0.00000000000, 0.00000028523, 31.83457341479, -0.00000114719, 0.00000000000, 0.00000028523, 20.91127676625, -0.00000007730, 0.00000000000, 0.00000028523, 13.40672425244, -0.00000002820
 0.00000029286, 19.40566411479, -0.00000000000, -6.53333333333, 21.00000000000, 0.00000018869, 0.00000000000, 0.00000018869, 31.83457341479, -0.00000127968, 0.00000000000, 0.00000018869, 20.91127676625, -0.00000008665, 0.00000000000, 0.00000018869, 13.40672425244, -0.00000003223
 0.00000034145, 19.40566411479, -0.00000000000, -6.46666666667, 22.00000000000, 0.00000003476, 0.00000000000, 0.00000003476, 31.83457341479, -0.00000142747, 0.00000000000, 0.00000003476, 20.91127676625, -0.00000009714, 0.00000000000, 0.00000003476, 13.40672425244, -0.00000003683
 0.00000039811, 19.40566411479, -0.00000000000, -6.40000000000, 23.00000000000, 0.00000018013, 0.00000000000, 0.00000018013, 31.83457341479, -0.00000159233, 0.00000000000, 0.00000018013, 20.91127676625, -0.00000010889, 0.00000000000, 0.00000018013, 13.40672425244, -0.00000004210
 0.00000046416, 19.40566411479, -0.00000000000, -6.33333333333, 24.00000000000, 0.00000030575, 0.00000000000, 0.00000030575, 31.83457341479, -0.00000177624, 0.00000000000, 0.00000030575, 20.91127676625, -0.00000012206, 0.00000000000, 0.00000030575, 13.40672425244, -0.00000004811
 0.00000054117, 19.40566411479, -0.00000000000, -6.26666666667, 25.00000000000, 0.00000031913, 0.00000000000, 0.00000031913, 31.83457341479, -0.00000198138, 0.00000000000, 0.00000031913, 20.91127676625, -0.00000013683, 0.00000000000, 0.00000031913, 13.40672425244, -0.00000005499
 0.00000063096, 19.40566411479, -0.00000000000, -6.20000000000, 26.00000000000, 0.00000020946, 0.00000000000, 0.00000020946, 31.83457341479, -0.00000221021, 0.00000000000, 0.00000020946, 20.91127676625, -0.00000015338, 0.00000000000, 0.00000020946, 13.40672425244, -0.00000006284
 0.00000073564, 19.40566411479, -0.00000000000, -6.13333333333, 27.00000000000, 0.00000003825, 0.00000000000, 0.00000003825, 31.83457341479, -0.00000246547, 0.00000000000, 0.00000003825, 20.91127676625, -0.00000017194, 0.00000000000, 0.00000003825, 13.40672425244, -0.00000007182
 0.00000085770, 19.40566411479, -0.00000000000, -6.06666666667, 28.00000000000, 0.00000020591, 0.00000000000, 0.00000020591, 31.83457341479, -0.00000275022, 0.00000000000, 0.00000020591, 20.91127676625, -0.00000019274, 0.00000000000, 0.00000020591, 13.40672425244, -0.00000008208
 0.00000100000, 19.40566411479, -0.00000000000, -6.00000000000, 29.00000000000, 0.00000034666, 0.00000000000, 0.00000034666, 31.83457341479, -0.00000306785, 0.00000000000, 0.00000034666, 20.91127676625, -0.00000021606, 0.00000000000, 0.00000034666, 13.40672425244, -0.00000009381
 0.00000116591, 19.40566411479, -0.00000000000, -5.93333333333, 30.00000000000, 0.00000036050, 0.00000000000, 0.00000036050, 31.83457341479, -0.00000342216, 0.00000000000, 0.00000036050, 20.91127676625, -0.00000024220, 0.00000000000, 0.00000036050, 13.40672425244, -0.00000010722
 0.00000135936, 19.40566411479, -0.00000000000, -5.86666666667, 31.00000000000, 0.00000023534, 0.00000000000, 0.00000023534, 31.83457341479, -0.00000381739, 0.00000000000, 0.00000023534, 20.91127676625, -0.00000027150, 0.00000000000, 0.00000023534, 13.40672425244, -0.00000012253
 0.00000158489, 19.40566411479, -0.00000000000, -5.80000000000, 32.00000000000, 0.00000004293, 0.00000000000, 0.00000004293, 31.83457341479, -0.00000425828, 0.00000000000, 0.00000004293, 20.91127676625, -0.00000030435, 0.00000000000, 0.00000004293, 13.40672425244, -0.00000014004
 0.00000184785, 19.40566411479, -0.00000000000, -5.73333333333, 33.00000000000, 0.00000023624, 0.00000000000, 0.00000023624, 31.83457341479, -0.00000475007, 0.00000000000, 0.00000023624, 20.91127676625, -0.00000034117, 0.00000000000, 0.00000023624, 13.40672425244, -0.00000016005
 0.00000215443, 19.40566411479, -0.00000000000, -5.66666666667, 34.00000000000, 0.00000039567, 0.00000000000, 0.00000039567, 31.83457341479, -0.00000529867, 0.00000000000, 0.00000039567, 20.91127676625, -0.00000038245, 0.00000000000, 0.00000039567, 13.40672425244, -0.00000018292
 0.00000251189, 19.40566411479, -0.00000000000, -5.60000000000, 35.00000000000, 0.00000041066, 0.00000000000, 0.00000041066, 31.83457341479, -0.00000591063, 0.00000000000, 0.00000041066, 20.91127676625, -0.00000042872, 0.00000000000, 0.00000041066, 13.40672425244, -0.00000020905
 0.00000292864, 19.40566411479, -0.00000000000, -5.53333333333, 36.00000000000, 0.00000026736, 0.00000000000, 0.00000026736, 31.83457341479, -0.00000659326, 0.00000000000, 0.00000026736, 20.91127676625, -0.00000048059, 0.00000000000, 0.00000026736, 13.40672425244, -0.00000023892
 0.00000341455, 19.40566411479, -0.00000000000, -5.46666666667, 37.00000000000, 0.00000004885, 0.00000000000, 0.00000004885, 31.83457341478, -0.00000735474, 0.00000000000, 0.00000004885, 20.91127676625, -0.00000053874, 0.00000000000, 0.00000004885, 13.40672425244, -0.00000027306
 0.00000398107, 19.40566411479, -0.00000000000, -5.40000000000, 38.00000000000, 0.00000027182, 0.00000000000, 0.00000027182, 31.83457341478, -0.00000820415, 0.00000000000, 0.00000027182, 20.91127676625, -0.00000060392, 0.00000000000, 0.00000027182, 13.40672425244, -0.00000031207
 0.00000464159, 19.40566411479, -0.00000000000, -5.33333333333, 39.00000000000, 0.00000045428, 0.00000000000, 0.00000045428, 31.83457341478, -0.00000915167, 0.00000000000, 0.00000045428, 20.91127676625, -0.00000067698, 0.00000000000, 0.00000045428, 13.40672425244, -0.00000035666
 0.00000541170, 19.40566411479, -0.00000000000, -5.26666666667, 40.00000000000, 0.00000047140, 0.00000000000, 0.00000047140, 31.83457341478, -0.00001020862, 0.00000000000, 0.00000047140, 20.91127676625, -0.00000075889, 0.00000000000, 0.00000047140, 13.40672425244, -0.00000040762
 0.00000630957, 19.40566411479, -0.00000000000, -5.20000000000, 41.00000000000, 0.00000030691, 0.00000000000, 0.00000030691, 31.83457341478, -0.00001138764, 0.00000000000, 0.00000030691, 20.91127676625, -0.00000085070, 0.00000000000, 0.00000030691, 13.40672425244, -0.00000046586
 0.00000735642, 19.40566411479, -0.00000000000, -5.13333333333, 42.00000000000, 0.00000005620, 0.00000000000, 0.00000005620, 31.83457341477, -0.00001270283, 0.00000000000, 0.00000005620, 20.91127676625, -0.00000095362, 0.00000000000, 0.00000005620, 13.40672425244, -0.00000053242
 0.00000857696, 19.40566411479, -0.00000000000, -5.06666666667, 43.00000000000, 0.00000031361, 0.00000000000, 0.00000031361, 31.83457341477, -0.00001416991, 0.00000000000, 0.00000031361, 20.91127676625, -0.00000106900, 0.00000000000, 0.00000031361, 13.40672425244, -0.00000060849
 0.00001000000, 19.40566411479, -0.00000000000, -5.00000000000, 44.00000000000, 0.00000052449, 0.00000000000, 0.00000052449, 31.83457341477, -0.00001580643, 0.00000000000, 0.00000052449, 20.91127676625, -0.00000119833, 0.00000000000, 0.00000052449, 13.40672425244, -0.00000069543
 0.00001165914, 19.40566411479, -0.00000000000, -4.93333333333, 45.00000000000, 0.00000054512, 0.00000000000, 0.00000054512, 31.83457341476, -0.00001763195, 0.00000000000, 0.00000054512, 20.91127676625, -0.00000134331, 0.00000000000, 0.00000054512, 13.40672425244, -0.00000079480
 0.00001359356, 19.40566411479, -0.00000000000, -4.86666666667, 46.00000000000, 0.00000035585, 0.00000000000, 0.00000035585, 31.83457341475, -0.00001966831, 0.00000000000, 0.00000035585, 20.91127676625, -0.00000150583, 0.00000000000, 0.00000035585, 13.40672425244, -0.00000090836
 0.00001584893, 19.40566411479, -0.00000000000, -4.80000000000, 47.00000000000, 0.00000006528, 0.00000000000, 0.00000006528, 31.83457341475, -0.00002193986, 0.00000000000, 0.00000006528, 20.91127676625, -0.00000168802, 0.00000000000, 0.00000006528, 13.40672425244, -0.00000103814
 0.00001847850, 19.40566411479, -0.00000000000, -4.73333333333, 48.00000000000, 0.00000036285, 0.00000000000, 0.00000036285, 31.83457341473, -0.00002447374, 0.00000000000, 0.00000036285, 20.91127676625, -0.00000189224, 0.00000000000, 0.00000036285, 13.40672425244, -0.00000118647
 0.00002154435, 19.40566411479, -0.00000000000, -4.66666666667, 49.00000000000, 0.00000060898, 0.00000000000, 0.00000060898, 31.83457341472, -0.00002730028, 0.00000000000, 0.00000060898, 20.91127676625, -0.00000212118, 0.00000000000, 0.00000060898, 13.40672425244, -0.00000135599
 0.00002511886, 19.40566411479, -0.00000000000, -4.60000000000, 50.00000000000, 0.00000063502, 0.00000000000, 0.00000063502, 31.83457341470, -0.00003045326, 0.00000000000, 0.00000063502, 20.91127676625, -0.00000237781, 0.00000000000, 0.00000063502, 13.40672425244, -0.00000154973
 0.00002928645, 19.40566411479, -0.00000000000, -4.53333333333, 51.00000000000, 0.00000041674, 0.00000000000, 0.00000041674, 31.83457341468, -0.00003397038, 0.00000000000, 0.00000041674, 20.91127676625, -0.00000266549, 0.00000000000, 0.00000041674, 13.40672425244, -0.00000177115
 0.00003414549, 19.40566411479, -0.00000000000, -4.46666666667, 52.00000000000, 0.00000007667, 0.00000000000, 0.00000007667, 31.83457341466, -0.00003789371, 0.00000000000, 0.00000007667, 20.91127676625, -0.00000298797, 0.00000000000, 0.00000007667, 13.40672425244, -0.00000202421
 0.00003981072, 19.40566411479, -0.00000000000, -4.40000000000, 53.00000000000, 0.00000042115, 0.00000000000, 0.00000042115, 31.83457341463, -0.00004227015, 0.00000000000, 0.00000042115, 20.91127676625, -0.00000334947, 0.00000000000, 0.00000042115, 13.40672425244, -0.00000231343
 0.00004641589, 19.40566411479, -0.00000000000, -4.33333333333, 54.00000000000, 0.00000071129, 0.00000000000, 0.00000071129, 31.83457341459, -0.00004715203, 0.00000000000, 0.00000071129, 20.91127676625, -0.00000375471, 0.00000000000, 0.00000071129, 13.40672425244, -0.00000264396
 0.00005411695, 19.40566411479, -0.00000000000, -4.26666666667, 55.00000000000, 0.00000074540, 0.00000000000, 0.00000074540, 31.83457341454, -0.00005259774, 0.00000000000, 0.00000074540, 20.91127676625, -0.00000420898, 0.00000000000, 0.00000074540, 13.40672425243, -0.00000302173
 0.00006309573, 19.40566411479, -0.00000000000, -4.20000000000, 56.00000000000, 0.00000049300, 0.00000000000, 0.00000049300, 31.83457341447, -0.00005867239, 0.00000000000, 0.00000049300, 20.91127676625, -0.00000471820, 0.00000000000, 0.00000049300, 13.40672425243, -0.00000345347
 0.00007356423, 19.40566411479, -0.00000000000, -4.13333333333, 57.00000000000, 0.00000009128, 0.00000000000, 0.00000009128, 31.83457341440, -0.00006544861, 0.00000000000, 0.00000009128, 20.91127676625, -0.00000528904, 0.00000000000, 0.00000009128, 13.40672425243, -0.00000394690
 0.00008576959, 19.40566411479, -0.00000000000, -4.06666666667, 58.00000000000, 0.00000049061, 0.00000000000, 0.00000049061, 31.83457341430, -0.00007300744, 0.00000000000, 0.00000049061, 20.91127676625, -0.00000592893, 0.00000000000, 0.00000049061, 13.40672425242, -0.00000451082
 0.00010000000, 19.40566411479, -0.00000000000, -4.00000000000, 59.00000000000, 0.00000083612, 0.00000000000, 0.00000083612, 31.83457341418, -0.00008143925, 0.00000000000, 0.00000083612, 20.91127676625, -0.00000664625, 0.00000000000, 0.00000083612, 13.40672425242, -0.00000515532
 0.00011659144, 19.40566411479, -0.00000000000, -3.93333333333, 60.00000000000, 0.00000088211, 0.00000000000, 0.00000088211, 31.83457341403, -0.00009084487, 0.00000000000, 0.00000088211, 20.91127676624, -0.00000745035, 0.00000000000, 0.00000088211, 13.40672425241, -0.00000589190
 0.00013593564, 19.40566411479, -0.00000000000, -3.86666666667, 61.00000000000, 0.00000058940, 0.00000000000, 0.00000058940, 31.83457341385, -0.00010133678, 0.00000000000, 0.00000058940, 20.91127676624, -0.00000835173, 0.00000000000, 0.00000058940, 13.40672425240, -0.00000673373
 0.00015848932, 19.40566411479, -0.00000000000, -3.80000000000, 62.00000000000, 0.00000011063, 0.00000000000, 0.00000011063, 31.83457341362, -0.00011304042, 0.00000000000, 0.00000011063, 20.91127676624, -0.00000936217, 0.00000000000, 0.00000011063, 13.40672425238, -0.00000769583
 0.00018478498, 19.40566411479, -0.00000000000, -3.73333333333, 63.00000000000, 0.00000057393, 0.00000000000, 0.00000057393, 31.83457341333, -0.00012609574, 0.00000000000, 0.00000057393, 20.91127676624, -0.00001049486, 0.00000000000, 0.00000057393, 13.40672425236, -0.00000879540
 0.00021544347, 19.40566411479, -0.00000000000, -3.66666666667, 64.00000000000, 0.00000098983, 0.00000000000, 0.00000098983, 31.83457341298, -0.00014065886, 0.00000000000, 0.00000098983, 20.91127676623, -0.00001176458, 0.00000000000, 0.00000098983, 13.40672425234, -0.00001005207
 0.00025118864, 19.40566411479, -0.00000000000, -3.60000000000, 65.00000000000, 0.00000105311, 0.00000000000, 0.00000105311, 31.83457341254, -0.00015690391, 0.00000000000, 0.00000105311, 20.91127676623, -0.00001318793, 0.00000000000, 0.00000105311, 13.40672425231, -0.00001148830
 0.00029286446, 19.40566411479, -0.00000000000, -3.53333333333, 66.00000000000, 0.00000071258, 0.00000000000, 0.00000071258, 31.83457341198, -0.00017502514, 0.00000000000, 0.00000071258, 20.91127676622, -0.00001478348, 0.00000000000, 0.00000071258, 13.40672425227, -0.00001312972
 0.00034145489, 19.40566411479, -0.00000000000, -3.46666666667, 67.00000000000, 0.00000013711, 0.00000000000, 0.00000013711, 31.83457341130, -0.00019523923, 0.00000000000, 0.00000013711, 20.91127676621, -0.00001657206, 0.00000000000, 0.00000013711, 13.40672425221, -0.00001500568
 0.00039810717, 19.40566411479, -0.00000000000, -3.40000000000, 68.00000000000, 0.00000067460, 0.00000000000, 0.00000067460, 31.83457341045, -0.00021778790, 0.00000000000, 0.00000067460, 20.91127676621, -0.00001857704, 0.00000000000, 0.00000067460, 13.40672425214, -0.00001714966
 0.00046415888, 19.40566411479, -0.00000000000, -3.33333333333, 69.00000000000, 0.00000118103, 0.00000000000, 0.00000118103, 31.83457340939, -0.00024294078, 0.00000000000, 0.00000118103, 20.91127676619, -0.00002082460, 0.00000000000, 0.00000118103, 13.40672425205, -0.00001959998
 0.00054116953, 19.40566411479, -0.00000000000, -3.26666666667, 70.00000000000, 0.00000126947, 0.00000000000, 0.00000126947, 31.83457340807, -0.00027099863, 0.00000000000, 0.00000126947, 20.91127676618, -0.00002334407, 0.00000000000, 0.00000126947, 13.40672425193, -0.00002240039
 0.00063095734, 19.40566411479, -0.00000000000, -3.20000000000, 71.00000000000, 0.00000087197, 0.00000000000, 0.00000087197, 31.83457340642, -0.00030229694, 0.00000000000, 0.00000087197, 20.91127676616, -0.00002616836, 0.00000000000, 0.00000087197, 13.40672425177, -0.00002560092
 0.00073564225, 19.40566411479, -0.00000000000, -3.13333333333, 72.00000000000, 0.00000017450, 0.00000000000, 0.00000017450, 31.83457340438, -0.00033720998, 0.00000000000, 0.00000017450, 20.91127676614, -0.00002933436, 0.00000000000, 0.00000017450, 13.40672425157, -0.00002925874
 0.00085769590, 19.40566411479, -0.00000000000, -3.06666666667, 73.00000000000, 0.00000079717, 0.00000000000, 0.00000079717, 31.83457340184, -0.00037615522, 0.00000000000, 0.00000079717, 20.91127676611, -0.00003288339, 0.00000000000, 0.00000079717, 13.40672425130, -0.00003343918
 0.00100000000, 19.40566411479, -0.00000000000, -3.00000000000, 74.00000000000, 0.00000142162, 0.00000000000, 0.00000142162, 31.83457339867, -0.00041959834, 0.00000000000, 0.00000142162, 20.91127676607, -0.00003686180, 0.00000000000, 0.00000142162, 13.40672425095, -0.00003821691
 0.00116591440, 19.40566411479, -0.00000000000, -2.93333333333, 75.00000000000, 0.00000154685, 0.00000000000, 0.00000154685, 31.83457339473, -0.00046805881, 0.00000000000, 0.00000154685, 20.91127676602, -0.00004132155, 0.00000000000, 0.00000154685, 13.40672425049, -0.00004367728
 0.00135935639, 19.40566411479, -0.00000000000, -2.86666666667, 76.00000000000, 0.00000108125, 0.00000000000, 0.00000108125, 31.83457338983, -0.00052211611, 0.00000000000, 0.00000108125, 20.91127676597, -0.00004632086, 0.00000000000, 0.00000108125, 13.40672424989, -0.00004991782
 0.00158489319, 19.40566411479, -0.00000000000, -2.80000000000, 77.00000000000, 0.00000022883, 0.00000000000, 0.00000022883, 31.83457338374, -0.00058241662, 0.00000000000, 0.00000022883, 20.91127676589, -0.00005192501, 0.00000000000, 0.00000022883, 13.40672424911, -0.00005705000
 0.00184784980, 19.40566411479, -0.00000000000, -2.73333333333, 78.00000000000, 0.00000094757, 0.00000000000, 0.00000094757, 31.83457337615, -0.00064968138, 0.00000000000, 0.00000094757, 20.91127676580, -0.00005820718, 0.00000000000, 0.00000094757, 13.40672424809, -0.00006520120
 0.00215443469, 19.40566411479, -0.00000000000, -2.66666666667, 79.00000000000, 0.00000172820, 0.00000000000, 0.00000172820, 31.83457336671, -0.00072471473, 0.00000000000, 0.00000172820, 20.91127676568, -0.00006524941, 0.00000000000, 0.00000172820, 13.40672424676, -0.00007451704
 0.00251188643, 19.40566411479, -0.00000000000, -2.60000000000, 80.00000000000, 0.00000190769, 0.00000000000, 0.00000190769, 31.83457335496, -0.00080841387, 0.00000000000, 0.00000190769, 20.91127676554, -0.00007314364, 0.00000000000, 0.00000190769, 13.40672424502, -0.00008516391
 0.00292864456, 19.40566411479, -0.00000000000, -2.53333333333, 81.00000000000, 0.00000136063, 0.00000000000, 0.00000136063, 31.83457334034, -0.00090177963, 0.00000000000, 0.00000136063, 20.91127676536, -0.00008199296, 0.00000000000, 0.00000136063, 13.40672424275, -0.00009733199
 0.00341454887, 19.40566411479, -0.00000000000, -2.46666666667, 82.00000000000, 0.00000030968, 0.00000000000, 0.00000030968, 31.83457332215, -0.00100592844, 0.00000000000, 0.00000030968, 20.91127676513, -0.00009191292, 0.00000000000, 0.00000030968, 13.40672423979, -0.00011123863
 0.00398107171, 19.40566411479, -0.00000000000, -2.40000000000, 83.00000000000, 0.00000113347, 0.00000000000, 0.00000113347, 31.83457329952, -0.00112210566, 0.00000000000, 0.00000113347, 20.91127676484, -0.00010303306, 0.00000000000, 0.00000113347, 13.40672423591, -0.00012713221
 0.00464158883, 19.40566411479, -0.00000000000, -2.33333333333, 84.00000000000, 0.00000212439, 0.00000000000, 0.00000212439, 31.83457327136, -0.00125170048, 0.00000000000, 0.00000212439, 20.91127676447, -0.00011549856, 0.00000000000, 0.00000212439, 13.40672423085, -0.00014529665
 0.00541169527, 19.40566411479, -0.00000000000, -2.26666666667, 85.00000000000, 0.00000238498, 0.00000000000, 0.00000238498, 31.83457323631, -0.00139626253, 0.00000000000, 0.00000238498, 20.91127676402, -0.00012947222, 0.00000000000, 0.00000238498, 13.40672422424, -0.00016605640
 0.00630957344, 19.40566411479, -0.00000000000, -2.20000000000, 86.00000000000, 0.00000174069, 0.00000000000, 0.00000174069, 31.83457319271, -0.00155752042, 0.00000000000, 0.00000174069, 20.91127676344, -0.00014513648, 0.00000000000, 0.00000174069, 13.40672421561, -0.00018978226
 0.00735642254, 19.40566411479, -0.00000000000, -2.13333333333, 87.00000000000, 0.00000043268, 0.00000000000, 0.00000043268, 31.83457313845, -0.00173740238, 0.00000000000, 0.00000043268, 20.91127676272, -0.00016269589, 0.00000000000, 0.00000043268, 13.40672420433, -0.00021689803
 0.00857695899, 19.40566411479, -0.00000000000, -2.06666666667, 88.00000000000, 0.00000136472, 0.00000000000, 0.00000136472, 31.83457307093, -0.00193805937, 0.00000000000, 0.00000136472, 20.91127676182, -0.00018237974, 0.00000000000, 0.00000136472, 13.40672418960, -0.00024788805
 0.01000000000, 19.40566411479, -0.00000000000, -2.00000000000, 89.00000000000, 0.00000264436, 0.00000000000, 0.00000264436, 31.83457298692, -0.00216189073, 0.00000000000, 0.00000264436, 20.91127676068, -0.00020444504, 0.00000000000, 0.00000264436, 13.40672417036, -0.00028330588
 0.01165914401, 19.40566411479, -0.00000000000, -1.93333333333, 90.00000000000, 0.00000302822, 0.00000000000, 0.00000302822, 31.83457288238, -0.00241157294, 0.00000000000, 0.00000302822, 20.91127675925, -0.00022917993, 0.00000000000, 0.00000302822, 13.40672414523, -0.00032378414
 0.01359356391, 19.40566411479, -0.00000000000, -1.86666666667, 91.00000000000, 0.00000226902, 0.00000000000, 0.00000226902, 31.83457275230, -0.00269009157, 0.00000000000, 0.00000226902, 20.91127675746, -0.00025690738, 0.00000000000, 0.00000226902, 13.40672411240, -0.00037004587
 0.01584893192, 19.40566411479, -0.00000000000, -1.80000000000, 92.00000000000, 0.00000062400, 0.00000000000, 0.00000062400, 31.83457259044, -0.00300077701, 0.00000000000, 0.00000062400, 20.91127675520, -0.00028798945, 0.00000000000, 0.00000062400, 13.40672406953, -0.00042291739
 0.01847849797, 19.40566411479, -0.00000000000, -1.73333333333, 93.00000000000, 0.00000165355, 0.00000000000, 0.00000165355, 31.83457238903, -0.00334734428, 0.00000000000, 0.00000165355, 20.91127675236, -0.00032283200, 0.00000000000, 0.00000165355, 13.40672401352, -0.00048334309
 0.02154434690, 19.40566411479, -0.00000000000, -1.66666666667, 94.00000000000, 0.00000333845, 0.00000000000, 0.00000333845, 31.83457213841, -0.00373393746, 0.00000000000, 0.00000333845, 20.91127674880, -0.00036189000, 0.00000000000, 0.00000333845, 13.40672394037, -0.00055240231
 0.02511886432, 19.40566411479, -0.00000000000, -1.60000000000, 95.00000000000, 0.00000391368, 0.00000000000, 0.00000391368, 31.83457182656, -0.00416517923, 0.00000000000, 0.00000391368, 20.91127674432, -0.00040567345, 0.00000000000, 0.00000391368, 13.40672384482, -0.00063132857
 0.02928644565, 19.40566411479, -0.00000000000, -1.53333333333, 96.00000000000, 0.00000302191, 0.00000000000, 0.00000302191, 31.83457143852, -0.00464622616, 0.00000000000, 0.00000302191, 20.91127673869, -0.00045475406, 0.00000000000, 0.00000302191, 13.40672372002, -0.00072153165
 0.03414548874, 19.40566411479, -0.00000000000, -1.46666666667, 97.00000000000, 0.00000092892, 0.00000000000, 0.00000092892, 31.83457095567, -0.00518283034, 0.00000000000, 0.00000092892, 20.91127673162, -0.00050977271, 0.00000000000, 0.00000092892, 13.40672355701, -0.00082462275
 0.03981071706, 19.40566411479, -0.00000000000, -1.40000000000, 98.00000000000, 0.00000201411, 0.00000000000, 0.00000201411, 31.83457035484, -0.00578140822, 0.00000000000, 0.00000201411, 20.91127672274, -0.00057144782, 0.00000000000, 0.00000201411, 13.40672334409, -0.00094244327
 0.04641588834, 19.40566411479, -0.00000000001, -1.33333333333, 99.00000000000, 0.00000428229, 0.00000000000, 0.00000428229, 31.83456960723, -0.00644911724, 0.00000000000, 0.00000428229, 20.91127671157, -0.00064058473, 0.00000000000, 0.00000428229, 13.40672306598, -0.00107709769
 0.05411695265, 19.40566411479, -0.00000000002, -1.26666666667, 100.00000000000, 0.00000516231, 0.00000000000, 0.00000516231, 31.83456867695, -0.00719394150, 0.00000000000, 0.00000516231, 20.91127669754, -0.00071808620, 0.00000000000, 0.00000516231, 13.40672270272, -0.00123099116
 0.06309573445, 19.40566411479, -0.00000000003, -1.20000000000, 101.00000000000, 0.00000412587, 0.00000000000, 0.00000412587, 31.83456751939, -0.00802478716, 0.00000000000, 0.00000412587, 20.91127667991, -0.00080496422, 0.00000000000, 0.00000412587, 13.40672222824, -0.00140687244
 0.07356422545, 19.40566411479, -0.00000000004, -1.13333333333, 102.00000000000, 0.00000142896, 0.00000000000, 0.00000142896, 31.83456607900, -0.00895158896, 0.00000000000, 0.00000142896, 20.91127665775, -0.00090235323, 0.00000000000, 0.00000142896, 13.40672160849, -0.00160788301
 0.08576958986, 19.40566411479, -0.00000000005, -1.06666666667, 103.00000000000, 0.00000245970, 0.00000000000, 0.00000245970, 31.83456428670, -0.00998542899, 0.00000000000, 0.00000245970, 20.91127662991, -0.00101152489, 0.00000000000, 0.00000245970, 13.40672079899, -0.00183761314
 0.10000000000, 19.40566411479, -0.00000000006, -1.00000000000, 104.00000000000, 0.00000559156, 0.00000000000, 0.00000559156, 31.83456205649, -0.01113866918, 0.00000000000, 0.00000559156, 20.91127659492, -0.00113390475, 0.00000000000, 0.00000559156, 13.40671974165, -0.00210016597
 0.11659144012, 19.40566411479, -0.00000000019, -0.93333333333, 105.00000000000, 0.00000697201, 0.00000000000, 0.00000697201, 31.83455928139, -0.01242509912, 0.00000000000, 0.00000697201, 20.91127655096, -0.00127109079, 0.00000000000, 0.00000697201, 13.40671836059, -0.00240023080
 0.13593563909, 19.40566411479, -0.00000000031, -0.86666666667, 106.00000000000, 0.00000579910, 0.00000000000, 0.00000579910, 31.83455582828, -0.01386010088, 0.00000000000, 0.00000579910, 20.91127649571, -0.00142487435, 0.00000000000, 0.00000579910, 13.40671655669, -0.00274316672
 0.15848931925, 19.40566411479, -0.00000000044, -0.80000000000, 107.00000000000, 0.00000227744, 0.00000000000, 0.00000227744, 31.83455153148, -0.01546083293, 0.00000000000, 0.00000227744, 20.91127642629, -0.00159726349, 0.00000000000, 0.00000227744, 13.40671420050, -0.00313509825
 0.18478497974, 19.40566411479, -0.00000000057, -0.73333333333, 108.00000000000, 0.00000299354, 0.00000000000, 0.00000299354, 31.83454618489, -0.01724643521, 0.00000000000, 0.00000299354, 20.91127633905, -0.00179050921, 0.00000000000, 0.00000299354, 13.40671112293, -0.00358302460
 0.21544346900, 19.40566411479, -0.00000000070, -0.66666666667, 109.00000000000, 0.00000744563, 0.00000000000, 0.00000744563, 31.83453953200, -0.01923825794, 0.00000000000, 0.00000744563, 20.91127622943, -0.00200713485, 0.00000000000, 0.00000744563, 13.40670710312, -0.00409494435
 0.25118864315, 19.40566411479, -0.00000000197, -0.60000000000, 110.00000000000, 0.00000967790, 0.00000000000, 0.00000967790, 31.83453125367, -0.02146011678, 0.00000000000, 0.00000967790, 20.91127609168, -0.00224996905, 0.00000000000, 0.00000967790, 13.40670185262, -0.00467999805
 0.29286445646, 19.40566411479, -0.00000000362, -0.53333333333, 111.00000000000, 0.00000843462, 0.00000000000, 0.00000843462, 31.83452095277, -0.02393857740, 0.00000000000, 0.00000843462, 20.91127591858, -0.00252218265, 0.00000000000, 0.00000843462, 13.40669499465, -0.00534863086
 0.34145488738, 19.40566411479, -0.00000000527, -0.46666666667, 112.00000000000, 0.00000377730, 0.00000000000, 0.00000377730, 31.83450813513, -0.02670327296, 0.00000000000, 0.00000377730, 20.91127570106, -0.00282733013, 0.00000000000, 0.00000377730, 13.40668603711, -0.00611277833
 0.39810717055, 19.40566411479, -0.00000000692, -0.40000000000, 113.00000000000, 0.00000358206, 0.00000000000, 0.00000358206, 31.83449218589, -0.02978725804, 0.00000000000, 0.00000358206, 20.91127542772, -0.00316939601, 0.00000000000, 0.00000358206, 13.40667433729, -0.00698607833
 0.46415888336, 19.40566411479, -0.00000000857, -0.33333333333, 114.00000000000, 0.00001012343, 0.00000000000, 0.00001012343, 31.83447233994, -0.03322740349, 0.00000000000, 0.00001012343, 20.91127508424, -0.00355284684, 0.00000000000, 0.00001012343, 13.40665905574, -0.00798411278
 0.54116952655, 19.40566411479, -0.00000001997, -0.26666666667, 115.00000000000, 0.00001386848, 0.00000000000, 0.00001386848, 31.83444764525, -0.03706483662, 0.00000000000, 0.00001386848, 20.91127465262, -0.00398268961, 0.00000000000, 0.00001386848, 13.40663909615, -0.00912468324
 0.63095734448, 19.40566411479, -0.00000004118, -0.20000000000, 116.00000000000, 0.00001277578, 0.00000000000, 0.00001277578, 31.83441691723, -0.04134543209, 0.00000000000, 0.00001277578, 20.91127411025, -0.00446453704, 0.00000000000, 0.00001277578, 13.40661302674, -0.01042812474
 0.73564225446, 19.40566411479, -0.00000006239, -0.13333333333, 117.00000000000, 0.00000656151, 0.00000000000, 0.00000656151, 31.83437868187, -0.04612035924, 0.00000000000, 0.00000656151, 20.91127342870, -0.00500468088, 0.00000000000, 0.00000656151, 13.40657897772, -0.01191766278
 0.85769589859, 19.40566411479, -0.00000008360, -0.06666666667, 118.00000000000, 0.00000408670, 0.00000000000, 0.00000408670, 31.83433110508, -0.05144669217, 0.00000000000, 0.00000408670, 20.91127257225, -0.00561017413, 0.00000000000, 0.00000408670, 13.40653450747, -0.01361981905
 1.00000000000, 19.40566411479, -0.00000010481, -0.00000000000, 119.00000000000, 0.00001404722, 0.00000000000, 0.00001404722, 31.83427190474, -0.05738808983, 0.00000000000, 0.00001404722, 20.91127149604, -0.00628892302, 0.00000000000, 0.00001404722, 13.40647642780, -0.01556487137
 1.16591440118, 19.40566411479, -0.00000018850, 0.06666666667, 120.00000000000, 0.00002061457, 0.00000000000, 0.00002061457, 31.83419824125, -0.06401555384, 0.00000000000, 0.00002061457, 20.91127014366, -0.00704979033, 0.00000000000, 0.00002061457, 13.40640057623, -0.01778737401
 1.35935639088, 19.40566411479, -0.00000046099, 0.13333333333, 121.00000000000, 0.00002030615, 0.00000000000, 0.00002030615, 31.83410658142, -0.07140827294, 0.00000000000, 0.00002030615, 20.91126844425, -0.00790271103, 0.00000000000, 0.00002030615, 13.40630151884, -0.02032674430
 1.58489319246, 19.40566411479, -0.00000073349, 0.20000000000, 122.00000000000, 0.00001203772, 0.00000000000, 0.00001203772, 31.83399252908, -0.07965456337, 0.00000000000, 0.00001203772, 20.91126630875, -0.00885882206, 0.00000000000, 0.00001203772, 13.40617216319, -0.02322792111
 1.84784979742, 19.40566411479, -0.00000100599, 0.26666666667, 123.00000000000, 0.00000417611, 0.00000000000, 0.00000417611, 31.83385061439, -0.08885291604, 0.00000000000, 0.00000417611, 20.91126362528, -0.00993060764, 0.00000000000, 0.00000417611, 13.40600325418, -0.02654209950
 2.15443469003, 19.40566411479, -0.00000127849, 0.33333333333, 124.00000000000, 0.00001978484, 0.00000000001, 0.00001978484, 31.83367403175, -0.09911316183, 0.00000000000, 0.00001978484, 20.91126025320, -0.01113206230, 0.00000000000, 0.00001978484, 13.40578271806, -0.03032754382
 2.51188643151, 19.40566411479, -0.00000155099, 0.40000000000, 125.00000000000, 0.00003191935, 0.00000000001, 0.00003191934, 31.83345431377, -0.11055776767, 0.00000000000, 0.00003191934, 20.91125601582, -0.01247887352, 0.00000000000, 0.00003191934, 13.40549481009, -0.03465047744
 2.92864456463, 19.40566411479, -0.00000504736, 0.46666666667, 126.00000000000, 0.00003415244, 0.00000000004, 0.00003415240, 31.83318092585, -0.12332327714, 0.00000000000, 0.00003415240, 20.91125069110, -0.01398862650, 0.00000000000, 0.00003415240, 13.40511900859, -0.03958604092
 3.41454887383, 19.40566411479, -0.00000854842, 0.53333333333, 127.00000000000, 0.00002354264, 0.00000000009, 0.00002354255, 31.83284076193, -0.13756191002, 0.00000000000, 0.00002354255, 20.91124400002, -0.01568103367, 0.00000000000, 0.00002354255, 13.40462858300, -0.04521929996
 3.98107170553, 19.40566411479, -0.00001204948, 0.60000000000, 128.00000000000, 0.00000482828, 0.00000000023, 0.00000482804, 31.83241751752, -0.15344333652, 0.00000000000, 0.00000482804, 20.91123559197, -0.01757819188, 0.00000000000, 0.00000482804, 13.40398874504, -0.05164626844
 4.64158883361, 19.40566411479, -0.00001555053, 0.66666666667, 129.00000000000, 0.00002780099, 0.00000000057, 0.00002780042, 31.83189091032, -0.17115664238, 0.00000000000, 0.00002780042, 20.91122502638, -0.01970487070, 0.00000000000, 0.00002780042, 13.40315427012, -0.05897488722
 5.41169526546, 19.40566411479, -0.00001905159, 0.73333333333, 130.00000000000, 0.00005163361, 0.00000000136, 0.00005163226, 31.83123571147, -0.19091250141, 0.00000000000, 0.00005163226, 20.91121174960, -0.02208883551, 0.00000000000, 0.00005163226, 13.40206645206, -0.06732586246
 6.30957344480, 19.40566411479, -0.00005360030, 0.80000000000, 131.00000000000, 0.00006138346, 0.00000000314, 0.00006138031, 31.83042054186, -0.21294557190, 0.00000000000, 0.00006138031, 20.91119506595, -0.02476120955, 0.00000000000, 0.00006138031, 13.40064922923, -0.07683321307
 7.35642254460, 19.40566411479, -0.00009858176, 0.86666666667, 132.00000000000, 0.00004969292, 0.00000000713, 0.00004968579, 31.82940637701, -0.23751713240, 0.00000000000, 0.00004968579, 20.91117410125, -0.02775687965, 0.00000000000, 0.00004968579, 13.39880429927, -0.08764429801
 8.57695898591, 19.40566411479, -0.00014356322, 0.93333333333, 133.00000000000, 0.00001685957, 0.00000001580, 0.00001684377, 31.82814469079, -0.26491797000, 0.00000000000, 0.00001684377, 20.91114775699, -0.03111495074, 0.00000000000, 0.00001684377, 13.39640503056, -0.09991898276
 10.00000000000, 19.40566411479, -0.00018854469, 1.00000000000, 134.00000000000, 0.00003690505, 0.00000003420, 0.00003687085, 31.82657515198, -0.29547153021, 0.00000000000, 0.00003687084, 20.91111465283, -0.03487925515, 0.00000000001, 0.00003687084, 13.39328899626, -0.11382744956
 11.65914401180, 19.40566411479, -0.00023352615, 1.06666666667, 135.00000000000, 0.00008708238, 0.00000007237, 0.00008701001, 31.82462276788, -0.32953733121, 0.00000000000, 0.00008700993, 20.91107305427, -0.03909892299, 0.00000000008, 0.00008700993, 13.38924902695, -0.12954595046
 13.59356390878, 19.40566411479, -0.00054413997, 1.13333333333, 136.00000000000, 0.00011914104, 0.00000014964, 0.00011899140, 31.82219434533, -0.36751463455, 0.00000000000, 0.00011899063, 20.91102078182, -0.04382902094, 0.00000000077, 0.00011899063, 13.38402283917, -0.14724954049
 15.84893192461, 19.40566411479, -0.00112206052, 1.20000000000, 137.00000000000, 0.00011455790, 0.00000030235, 0.00011425555, 31.81917411052, -0.40984634945, 0.00000000000, 0.00011424959, 20.91095509685, -0.04913126747, 0.00000000597, 0.00011424959, 13.37728161171, -0.16710052439
 18.47849797422, 19.40566411479, -0.00169998106, 1.26666666667, 138.00000000000, 0.00006355274, 0.00000059701, 0.00006295573, 31.81541829505, -0.45702312486, 0.00000000000, 0.00006291586, 20.91087255819, -0.05507483329, 0.00000003988, 0.00006291586, 13.36861842996, -0.18923104737
 21.54434690032, 19.40566411479, -0.00227790161, 1.33333333333, 139.00000000000, 0.00004092751, 0.00000115197, 0.00003977554, 31.81074845521, -0.50958755123, 0.00000000000, 0.00003954660, 20.91076884197, -0.06173723694, 0.00000022894, 0.00003954660, 13.35753840217, -0.21371806656
 25.11886431510, 19.40566411479, -0.00285582215, 1.40000000000, 140.00000000000, 0.00016005589, 0.00000217217, 0.00015788372, 31.80494324550, -0.56813834760, 0.00000000000, 0.00015675469, 20.91063851536, -0.06920534627, 0.00000112904, 0.00015675469, 13.34345355531, -0.24054906482
 29.28644564625, 19.40566411479, -0.00513436928, 1.46666666667, 141.00000000000, 0.00027298228, 0.00000400257, 0.00026897971, 31.79772831514, -0.63333434470, 0.00000000000, 0.00026419677, 20.91047475225, -0.07757649754, 0.00000478294, 0.00026419677, 13.32568734468, -0.26957766912
 34.14548873834, 19.40566411479, -0.01255947555, 1.53333333333, 142.00000000000, 0.00033258902, 0.00000720736, 0.00032538166, 31.78876394084, -0.70589798513, 0.00000000000, 0.00030797631, 20.91026897626, -0.08695974512, 0.00001740535, 0.00030797631, 13.30349553505, -0.30047032349
 39.81071705535, 19.40566411479, -0.01998458182, 1.60000000000, 143.00000000000, 0.00029439983, 0.00001268251, 0.00028171732, 31.77762995184, -0.78661793780, 0.00000000000, 0.00022730812, 20.91001041240, -0.09747725540, 0.00005440920, 0.00022730812, 13.27611165977, -0.33264890910
 46.41588833613, 19.40566411479, -0.02740968810, 1.66666666667, 144.00000000000, 0.00013373743, 0.00002180853, 0.00011192890, 31.76380745294, -0.87635025675, 0.00000000000, -0.00003417554, 20.90968552412, -0.10926585979, 0.00014610444, -0.00003417554, 13.24282489109, -0.36523998353
 54.11695265465, 19.40566411479, -0.03483479437, 1.73333333333, 145.00000000000, 0.00022377176, 0.00003664711, 0.00018712466, 31.74665681696, -0.97601728994, 0.00000000002, -0.00014989563, 20.90927730662, -0.12247878174, 0.00033702027, -0.00014989562, 13.20309393388, -0.39704843989
 63.09573444802, 19.40566411479, -0.04225990064, 1.80000000000, 146.00000000000, 0.00066893776, 0.00006017903, 0.00060875873, 31.72539141923, -1.08660324776, 0.00000000005, -0.00005904714, 20.90876440001, -0.13728755376, 0.00066780582, -0.00005904709, 13.15669046248, -0.42657928022
 73.56422544596, 19.40566411479, -0.13750862400, 1.86666666667, 147.00000000000, 0.00120782230, 0.00009657013, 0.00111125216, 31.69904665184, -1.20914495907, 0.00000000013, -0.00002544815, 20.90811997662, -0.15388413912, 0.00113670019, -0.00002544802, 13.10384944357, -0.45213091797
 85.76958985909, 19.40566411479, -0.23290617248, 1.93333333333, 148.00000000000, 0.00176388147, 0.00015143720, 0.00161244427, 31.66644392715, -1.34471586004, 0.00000000037, -0.00004960281, 20.90731034564, -0.17248327236, 0.00166204671, -0.00004960244, 13.04538567446, -0.47197107592
 100.00000000000, 19.40566411479, -0.32830372096, 2.00000000000, 149.00000000000, 0.00225058133, 0.00023206755, 0.00201851378, 31.62614972303, -1.49440067533, 0.00000000101, -0.00006906221, 20.90629320423, -0.19332502951, 0.00208757498, -0.00006906120, 12.98272606944, -0.48457951253
 116.59144011798, 19.40566411479, -0.42370126943, 2.06666666667, 150.00000000000, 0.00258134848, 0.00034752688, 0.00223382160, 31.57643032479, -1.65925757340, 0.00000000268, -0.00001856543, 20.90501544672, -0.21667763408, 0.00225238434, -0.00001856275, 12.91781796190, -0.48890747622
 135.93563908785, 19.40566411479, -0.51909881791, 2.13333333333, 151.00000000000, 0.00268434218, 0.00050857442, 0.00217576776, 31.51520389926, -1.84026385911, 0.00000000688, 0.00008817438, 20.90341042295, -0.24284049716, 0.00208758650, 0.00008818126, 12.85290981256, -0.48457982456
 158.48931924611, 19.40566411479, -0.90381318939, 2.20000000000, 152.00000000000, 0.00251549421, 0.00072729858, 0.00178819564, 31.43999304031, -2.03824061636, 0.00000001715, 0.00012611342, 20.90139451036, -0.27214747716, 0.00166206506, 0.00012613058, 12.79025008789, -0.47197167323
 184.78497974223, 19.40566411479, -1.48475595938, 2.26666666667, 153.00000000000, 0.00206825971, 0.00101639633, 0.00105186338, 31.34788311080, -2.25375134264, 0.00000004144, -0.00008489706, 20.89886283410, -0.30497032643, 0.00113671901, -0.00008485563, 12.73178613689, -0.45213175241
 215.44346900318, 19.40566411479, -2.06590341190, 2.33333333333, 154.00000000000, 0.00138742356, 0.00138805144, -0.00000062788, 31.23549470154, -2.48696988240, 0.00000009705, -0.00066854549, 20.89568393217, -0.34172226405, 0.00066782056, -0.00066844844, 12.67894489523, -0.42658029113
 251.18864315095, 19.40566411479, -2.71522644667, 2.40000000000, 155.00000000000, 0.00069523776, 0.00185242297, -0.00115718522, 31.09898235224, -2.73751441583, 0.00000022039, -0.00149443518, 20.89169311964, -0.38286157447, 0.00033702957, -0.00149421479, 12.63254118254, -0.39704956360
 292.86445646252, 19.40566411479, -3.36454948143, 2.46666666667, 156.00000000000, 0.00104507010, 0.00241583283, -0.00137076273, 30.93407609098, -3.00424765440, 0.00000048524, -0.00151735725, 20.88668425713, -0.42889507415, 0.00014610928, -0.00151687201, 12.59280998478, -0.36524116118
 341.45488738335, 19.40566411479, -4.04190232706, 2.53333333333, 157.00000000000, 0.00211185123, 0.00307883008, -0.00096697885, 30.73618662901, -3.28504964418, 0.00000103586, -0.00102242601, 20.88039957468, -0.48038120768, 0.00005441131, -0.00102139015, 12.55952299045, -0.33265009151
 398.10717055349, 19.40566411479, -4.74748894597, 2.60000000000, 158.00000000000, 0.00327372659, 0.00383439356, -0.00056066697, 30.50059773076, -3.57657951023, 0.00000214397, -0.00058021707, 20.87251714687, -0.53793242227, 0.00001740612, -0.00057807309, 12.53213891306, -0.30047147315
 464.15888336127, 19.40566411479, -5.45307556489, 2.66666666667, 159.00000000000, 0.00441517348, 0.00466659139, -0.00025141791, 30.22276793758, -3.87405633296, 0.00000430241, -0.00026050351, 20.86263556421, -0.60221631372, 0.00000478318, -0.00025620109, 12.50994692872, -0.26957875993
 541.16952654646, 19.40566411479, -6.13977031350, 2.73333333333, 160.00000000000, 0.00548826682, 0.00555002562, -0.00006175879, 29.89875514847, -4.17110594692, 0.00000837104, -0.00007125893, 20.85025530965, -0.67395482590, 0.00000112910, -0.00006288789, 12.49218057118, -0.24055008057
 630.95734448018, 19.40566411479, -6.82635978808, 2.80000000000, 161.00000000000, 0.00646789280, 0.00645033577, 0.00001755703, 29.52575810895, -4.45973613299, 0.00001579142, 0.00000153665, 20.83475634768, -0.75392050318, 0.00000022896, 0.00001732808, 12.47809560340, -0.21371899887
 735.64225445963, 19.40566411479, -7.47322090037, 2.86666666667, 162.00000000000, 0.00734024484, 0.00732591340, 0.00001433144, 29.10273686362, -4.73051055399, 0.00002888269, -0.00001459113, 20.81537149411, -0.84292842513, 0.00000003988, 0.00001429156, 12.46701547772, -0.18923189366
 857.69589859088, 19.40566411479, -8.08066007041, 2.93333333333, 163.00000000000, 0.00809501339, 0.00813080156, -0.00003578816, 28.63103245605, -4.97298235908, 0.00005121868, -0.00008701281, 20.79115530537, -0.94182198206, 0.00000000597, -0.00003579413, 12.45835221774, -0.16710128607
 999.99999999999, 19.40566411479, -8.68699246856, 3.00000000000, 164.00000000000, 0.00872014050, 0.00881854765, -0.00009840715, 28.11486476881, -5.17641271299, 0.00008806305, -0.00018647097, 20.76094857291, -1.05145007278, 0.00000000077, -0.00009840792, 12.45161092838, -0.14725022154
 1165.91440117982, 19.40566411479, -9.11746715300, 3.06666666667, 165.00000000000, 0.00920026940, 0.00934658356, -0.00014631416, 27.56156432877, -5.33073533195, 0.00014680253, -0.00029311677, 20.72333912961, -1.17263263993, 0.00000000008, -0.00014631424, 12.44638469199, -0.12954655634
 1359.35639087851, 19.40566411479, -9.54794183744, 3.13333333333, 166.00000000000, 0.00951931002, 0.00968056807, -0.00016125805, 26.98140979352, -5.42764670776, 0.00023727273, -0.00039853079, 20.67662069775, -1.30611076033, 0.00000000001, -0.00016125805, 12.44234468472, -0.11382798649
 1584.89319246109, 19.40566411479, -9.87840778161, 3.20000000000, 167.00000000000, 0.00966625643, 0.00979807854, -0.00013182211, 26.38700971326, -5.46163016337, 0.00037182333, -0.00050364544, 20.61875309175, -1.45247691088, 0.00000000000, -0.00013182211, 12.43922862093, -0.09991945717
 1847.84979742227, 19.40566411479, -10.10745204866, 3.26666666667, 168.00000000000, 0.00964226210, 0.00969110084, -0.00004883874, 25.79227579774, -5.43069505835, 0.00056493690, -0.00061377565, 20.54732939748, -1.61208078396, 0.00000000000, -0.00004883874, 12.43682932938, -0.08764471623
 2154.43469003186, 19.40566411479, -10.33567302121, 3.33333333333, 169.00000000000, 0.00946641962, 0.00936693339, 0.00009948623, 25.21115085314, -5.33665466742, 0.00083221924, -0.00073273301, 20.45955890059, -1.78490655613, 0.00000000000, 0.00009948623, 12.43498438178, -0.07683358110
 2511.88643150955, 19.40566411479, -10.38348282741, 3.40000000000, 170.00000000000, 0.00917790007, 0.00884736357, 0.00033053650, 24.65633072419, -5.18487282385, 0.00118863923, -0.00085810273, 20.35227848549, -1.97041946682, 0.00000000000, 0.00033053650, 12.43356714535, -0.06732618590
 2928.64456462521, 19.40566411479, -10.43129263362, 3.46666666667, 171.00000000000, 0.00883303964, 0.00816624565, 0.00066679399, 24.13822149267, -4.98354314196, 0.00164602667, -0.00097923268, 20.22200957364, -2.16738381008, 0.00000000000, 0.00066679399, 12.43247931683, -0.05897517118
 3414.54887383357, 18.83630533231, -10.45200692337, 3.53333333333, 172.00000000000, 0.00849735711, 0.00736585437, 0.00113150273, 23.66429994751, -4.74267353427, 0.00221003004, -0.00107852730, 20.06508138416, -2.37366195091, 0.00000000000, 0.00113150273, 12.43164483387, -0.05164651754
 3981.07170553494, 17.70792154509, -10.44611747629, 3.60000000000, 173.00000000000, 0.00823394936, 0.00649255953, 0.00174138983, 23.23893021781, -4.47299436126, 0.00287696107, -0.00113557124, 19.87784241055, -2.58601543391, 0.00000000000, 0.00174138983, 12.43100498973, -0.04521951835
 4641.58883361274, 16.57953775786, -10.44022802920, 3.66666666667, 174.00000000000, 0.00809083953, 0.00559243409, 0.00249840544, 22.86357953047, -4.18498460668, 0.00363115088, -0.00113274545, 19.65697747202, -2.79994432125, 0.00000000000, 0.00249840544, 12.43051455940, -0.03958623229
 5411.69526546459, 15.47183742191, -10.36217657677, 3.73333333333, 175.00000000000, 0.00809034208, 0.00470736563, 0.00338297645, 22.53730679202, -3.88814026062, 0.00444354012, -0.00106056367, 19.39993380290, -3.00961709890, 0.00000000000, 0.00338297645, 12.43013875426, -0.03465064508
 6309.57344480188, 14.36416145082, -10.28404011839, 3.80000000000, 176.00000000000, 0.00822320653, 0.00387210489, 0.00435110164, 22.25737954505, -3.59052743774, 0.00527215800, -0.00092105636, 19.10543346578, -3.20795508919, 0.00000000000, 0.00435110164, 12.42985084351, -0.03032769063
 7356.42254459636, 13.24373393538, -10.17604701378, 3.86666666667, 177.00000000000, 0.00844921631, 0.00311249324, 0.00533672307, 22.01989652638, -3.29859738946, 0.00606488023, -0.00072815716, 18.77401158411, -3.38693317568, 0.00000000000, 0.00533672307, 12.42963030525, -0.02654222804
 8576.95898590888, 12.10827292037, -10.03285426073, 3.93333333333, 178.00000000000, 0.00870431139, 0.00244490418, 0.00625940720, 21.82033403506, -3.01720352309, 0.00676441963, -0.00050501242, 18.40847823276, -3.53813263273, 0.00000000000, 0.00625940720, 12.42946139460, -0.02322803364
 9999.99999999994, 10.97281190537, -9.88966150768, 4.00000000000, 179.00000000000, 0.00891268028, 0.00187675419, 0.00703592609, 21.65397636651, -2.74975005375, 0.00731498355, -0.00027905746, 18.01417288693, -3.65352669523, 0.00000000000, 0.00703592609, 12.42933203770, -0.02032684281
 11659.14401179824, 9.86379575220, -9.61253538435, 4.06666666667, 180.00000000000, 0.00900111419, 0.00140781331, 0.00759330088, 21.51622313671, -2.49840920385, 0.00766956385, -0.00007626297, 17.59888586824, -3.72640282030, 0.00000000000, 0.00759330088, 12.42923297935, -0.01778746023
 13593.56390878516, 8.75504510687, -9.33406456278, 4.13333333333, 181.00000000000, 0.00891247833, 0.00103198851, 0.00788048982, 21.40278634833, -2.26435935782, 0.00779655023, 0.00008393959, 17.17237695003, -3.75225241408, 0.00000000000, 0.00788048982, 12.42915712704, -0.01556494683
 15848.93192461101, 7.69937452224, -8.96714105230, 4.20000000000, 182.00000000000, 0.00861547409, 0.00073925927, 0.00787621482, 21.30979916097, -2.04801324202, 0.00768437934, 0.00019183548, 16.74552209658, -3.72942525201, 0.00000000000, 0.00787621482, 12.42909904682, -0.01361988509
 18478.49797422276, 6.69630147215, -8.51256893523, 4.26666666667, 183.00000000000, 0.00810883569, 0.00051750056, 0.00759133513, 21.23385993592, -1.84921922842, 0.00734327193, 0.00024806320, 16.32923237527, -3.65937999555, 0.00000000000, 0.00759133513, 12.42905457613, -0.01191772057
 21544.34690031865, 5.69322842206, -8.05799681817, 4.33333333333, 184.00000000000, 0.00741947465, 0.00035401119, 0.00706546346, 21.17203256976, -1.66742898064, 0.00680369641, 0.00026176705, 15.93336551415, -3.54646245810, 0.00000000000, 0.00706546346, 12.42902052678, -0.01042817530
 25118.86431509556, 4.89041702878, -7.49424887780, 4.40000000000, 185.00000000000, 0.00659549444, 0.00023665478, 0.00635883966, 21.12181988655, -1.50183106733, 0.00611187894, 0.00024696072, 15.56585312392, -3.39727221701, 0.00000000000, 0.00635883966, 12.42899445712, -0.00912472749
 29286.44564625207, 4.08766992007, -6.93046589168, 4.46666666667, 186.00000000000, 0.00569608578, 0.00015459865, 0.00554148713, 21.08112243188, -1.35145367662, 0.00532327693, 0.00021821020, 15.23219397656, -3.21978162200, 0.00000000000, 0.00554148713, 12.42897449733, -0.00798415150
 34145.48873833566, 3.40798852171, -6.35612553098, 4.53333333333, 187.00000000000, 0.00478082436, 0.00009869343, 0.00468213093, 21.04819115208, -1.21524108835, 0.00449529169, 0.00018683924, 14.93535148786, -3.02240998830, 0.00000000000, 0.00468213093, 12.42895921564, -0.00698611221
 39810.71705534928, 2.85194559770, -5.77117866027, 4.60000000000, 188.00000000000, 0.00390074002, 0.00006156911, 0.00383917091, 21.02157940555, -1.09210886728, 0.00368053707, 0.00015863385, 14.67599074333, -2.81322583700, 0.00000000000, 0.00383917091, 12.42894751570, -0.00611280798
 46415.88833612725, 2.29603639526, -5.18626547936, 4.66666666667, 189.00000000000, 0.00309280946, 0.00003753442, 0.00305527504, 21.00009753256, -0.98098239045, 0.00292172283, 0.00013355221, 14.45293143619, -2.59937824862, 0.00000000000, 0.00305527504, 12.42893855808, -0.00534865680
 54116.95265464571, 1.94000686270, -4.65170994996, 4.73333333333, 190.00000000000, 0.00237848404, 0.00002236086, 0.00235612318, 20.98277167659, -0.88082267927, 0.00224875081, 0.00010737237, 14.26368473078, -2.38678102273, 0.00000000000, 0.00235612318, 12.42893170004, -0.00468002075
 63095.73444801853, 1.58397733014, -4.11715442055, 4.80000000000, 191.00000000000, 0.00176581801, 0.00001301786, 0.00175280015, 20.96880754921, -0.79064278770, 0.00167810122, 0.00007469893, 14.10496949601, -2.18001643978, 0.00000000000, 0.00175280015, 12.42892644949, -0.00409496421
 73564.22544596317, 1.28708134941, -3.64057170044, 4.86666666667, 192.00000000000, 0.00125402420, 0.00000740598, 0.00124661822, 20.95755921237, -0.70951731743, 0.00121414198, 0.00003247624, 13.97314478931, -1.98239764912, 0.00000000000, 0.00124661822, 12.42892242964, -0.00358304197
 85769.58985908823, 1.04927873848, -3.22192239631, 4.93333333333, 193.00000000000, 0.00083915658, 0.00000411735, 0.00083503923, 20.94850259974, -0.63658703998, 0.00085171696, -0.00001667773, 13.86453381946, -1.79612536794, 0.00000000000, 0.00083503923, 12.42891935204, -0.00313511346
 99999.99999999857, 0.81147612754, -2.80327309219, 5.00000000000, 194.00000000000, 0.00052058175, 0.00000223689, 0.00051834485, 20.94121331989, -0.57106011838, 0.00057928945, -0.00006094459, 13.77564159535, -1.62248561387, 0.00000000000, 0.00051834485, 12.42891699583, -0.00274318002
 116591.44011798144, 0.66037536138, -2.39594704219, 5.06666666667, 195.00000000000, 0.00031051754, 0.00000118759, 0.00030932996, 20.93534821530, -0.51221103469, 0.00038200622, -0.00007267627, 13.70328306432, -1.46205131520, 0.00000000000, 0.00030932996, 12.42891519191, -0.00240024244
 135935.63908785046, 0.50941264587, -1.98863902159, 5.13333333333, 196.00000000000, 0.00023389146, 0.00000061614, 0.00023327532, 20.93063014779, -0.45937802983, 0.00024424167, -0.00001096635, 13.64464355283, -1.31486588302, 0.00000000000, 0.00023327532, 12.42891381083, -0.00210017616
 158489.31924610882, 0.35844993036, -1.68608253840, 5.20000000000, 197.00000000000, 0.00024726418, 0.00000031238, 0.00024695180, 20.92683551386, -0.41195963512, 0.00015140617, 0.00009554563, 13.59729246411, -1.18059853828, 0.00000000000, 0.00024695180, 12.42891275348, -0.00183762205
 184784.97974222605, 0.20748721486, -1.48822927565, 5.26666666667, 198.00000000000, 0.00025922549, 0.00000015477, 0.00025907072, 20.92378404360, -0.36941070476, 0.00009100011, 0.00016807062, 13.55916756716, -1.05866892676, 0.00000000000, 0.00025907072, 12.42891194398, -0.00160789081
 215443.46900318470, 0.05652449935, -1.30468211195, 5.33333333333, 199.00000000000, 0.00023642618, 0.00000007493, 0.00023635124, 20.92133049347, -0.33123823362, 0.00005302916, 0.00018332209, 13.52854286528, -0.94834297738, 0.00000000000, 0.00023635124, 12.42891132422, -0.00140687926
 251188.64315095361, 0.00000000000, -1.14972673460, 5.40000000000, 200.00000000000, 0.00018068517, 0.00000003545, 0.00018064972, 20.91935789930, -0.29699715286, 0.00002996140, 0.00015068832, 13.50398904146, -0.84880402787, 0.00000000000, 0.00018064972, 12.42891084974, -0.00123099713
 292864.45646251837, 0.00000000000, -0.99477135725, 5.46666666667, 201.00000000000, 0.00010803884, 0.00000001639, 0.00010802245, 20.91777210812, -0.26628623068, 0.00001641285, 0.00009160961, 13.48433227408, -0.75920383880, 0.00000000000, 0.00010802245, 12.42891048647, -0.00107710291
 341454.88738335378, 0.00000000000, -0.83981597990, 5.53333333333, 202.00000000000, 0.00005603946, 0.00000000741, 0.00005603205, 20.91649735389, -0.23874415789, 0.00000871726, 0.00004731478, 13.46861485711, -0.67869790473, 0.00000000000, 0.00005603205, 12.42891020836, -0.00094244784
 398107.17055348959, 0.00000000000, -0.73244630993, 5.60000000000, 203.00000000000, 0.00008370615, 0.00000000327, 0.00008370288, 20.91547268253, -0.21404586552, 0.00000448901, 0.00007921386, 13.45605943538, -0.60646888695, 0.00000000000, 0.00008370288, 12.42890999544, -0.00082462675
 464158.88336126873, 0.00000000000, -0.64092560663, 5.66666666667, 204.00000000000, 0.00012428757, 0.00000000141, 0.00012428616, 20.91464906653, -0.19189909824, 0.00000224128, 0.00012204488, 13.44603761212, -0.54174129617, 0.00000000000, 0.00012428616, 12.42890983243, -0.00072153515
 541169.52654645266, 0.00000000000, -0.54940490332, 5.73333333333, 205.00000000000, 0.00014170519, 0.00000000059, 0.00014170460, 20.91398707790, -0.17204125197, 0.00000108497, 0.00014061963, 13.43804304422, -0.48378988295, 0.00000000000, 0.00014170460, 12.42890970762, -0.00063133163
 630957.34448018007, 0.00000000000, -0.46413408121, 5.80000000000, 206.00000000000, 0.00013318700, 0.00000000025, 0.00013318675, 20.91345501291, -0.15423647338, 0.00000050923, 0.00013267753, 13.43166877933, -0.43194361037, 0.00000000000, 0.00013318675, 12.42890961207, -0.00055240498
 735642.25445962558, 0.00000000000, -0.41007955740, 5.86666666667, 207.00000000000, 0.00010500544, 0.00000000010, 0.00010500534, 20.91302738159, -0.13827301255, 0.00000023173, 0.00010477361, 13.42658841025, -0.38558660587, 0.00000000000, 0.00010500534, 12.42890953892, -0.00048334543
 857695.89859087532, 0.00000000000, -0.35602503359, 5.93333333333, 208.00000000000, 0.00006815735, 0.00000000004, 0.00006815731, 20.91268369163, -0.12396081555, 0.00000010224, 0.00006805507, 13.42254055512, -0.34415711324, 0.00000000000, 0.00006815731, 12.42890948292, -0.00042291944
 999999.99999997753, 0.00000000000, -0.30197050979, 6.00000000000, 209.00000000000, 0.00003751943, 0.00000000001, 0.00003751942, 20.91240746969, -0.11112934168, 0.00000004374, 0.00003747568, 13.41931617138, -0.30714517816, 0.00000000000, 0.00003751942, 12.42890944004, -0.00037004766
 1165914.40117980493, 0.00000000000, -0.26082741522, 6.06666666667, 210.00000000000, 0.00003133870, 0.00000000001, 0.00003133870, 20.91218547395, -0.09962558900, 0.00000001814, 0.00003132056, 13.41674824536, -0.27408958542, 0.00000000000, 0.00003133870, 12.42890940722, -0.00032378571
 1359356.39087849367, 0.00000000000, -0.22890139807, 6.13333333333, 211.00000000000, 0.00003772300, 0.00000000000, 0.00003772300, 20.91200706065, -0.08931231146, 0.00000000729, 0.00003771571, 13.41470345017, -0.24457440746, 0.00000000000, 0.00003772300, 12.42890938208, -0.00028330725
 1584893.19246107526, 0.00000000000, -0.19697538091, 6.20000000000, 212.00000000000, 0.00003637578, 0.00000000000, 0.00003637578, 20.91186367466, -0.08006641142, 0.00000000284, 0.00003637294, 13.41307541945, -0.21822540869, 0.00000000000, 0.00003637578, 12.42890936284, -0.00024788925
 1847849.79742224538, 0.00000000000, -0.16505114056, 6.26666666667, 213.00000000000, 0.00002566593, 0.00000000000, 0.00002566593, 20.91174843987, -0.07177749192, 0.00000000108, 0.00002566485, 13.41177933898, -0.19470646759, 0.00000000000, 0.00002566593, 12.42890934811, -0.00021689908
 2154434.69003182929, 0.00000000000, -0.14619479886, 6.33333333333, 214.00000000000, 0.00001153841, 0.00000000000, 0.00001153841, 20.91165582972, -0.06434655411, 0.00000000039, 0.00001153802, 13.41074760730, -0.17371612014, 0.00000000000, 0.00001153841, 12.42890933683, -0.00018978318
 2511886.43150951527, 0.00000000000, -0.12733845716, 6.40000000000, 215.00000000000, 0.00001253249, 0.00000000000, 0.00001253249, 20.91158140249, -0.05768482601, 0.00000000014, 0.00001253235, 13.40992635979, -0.15498428718, 0.00000000000, 0.00001253249, 12.42890932820, -0.00016605720
 2928644.56462515937, 0.00000000000, -0.10848211546, 6.46666666667, 216.00000000000, 0.00002248124, 0.00000000000, 0.00002248124, 20.91152158834, -0.05171271012, 0.00000000005, 0.00002248119, 13.40927268844, -0.13826922008, 0.00000000000, 0.00002248124, 12.42890932159, -0.00014529736
 3414548.87383351010, 0.00000000000, -0.09284315135, 6.53333333333, 217.00000000000, 0.00002674762, 0.00000000000, 0.00002674762, 20.91147351826, -0.04635883815, 0.00000000002, 0.00002674760, 13.40875242008, -0.12335467992, 0.00000000000, 0.00002674762, 12.42890931653, -0.00012713283
 3981071.70553486329, 0.00000000000, -0.08170610220, 6.60000000000, 218.00000000000, 0.00002429956, 0.00000000000, 0.00002429956, 20.91143488646, -0.04155922234, 0.00000000001, 0.00002429955, 13.40833834270, -0.11004735267, 0.00000000000, 0.00002429956, 12.42890931265, -0.00011123917
 4641588.83361264877, 0.00000000000, -0.07056905304, 6.66666666667, 219.00000000000, 0.00001715868, 0.00000000000, 0.00001715868, 20.91140383984, -0.03725649371, 0.00000000000, 0.00001715868, 13.40800879025, -0.09817449470, 0.00000000000, 0.00001715868, 12.42890930969, -0.00009733247
 5411695.26546448283, 0.00000000000, -0.05943200389, 6.73333333333, 220.00000000000, 0.00000905785, 0.00000000000, 0.00000905785, 20.91137888911, -0.03339921854, 0.00000000000, 0.00000905785, 13.40774651410, -0.08758179767, 0.00000000000, 0.00000905785, 12.42890930742, -0.00008516433
 6309573.44480174966, 0.00000000000, -0.05209486982, 6.80000000000, 221.00000000000, 0.00000631158, 0.00000000000, 0.00000631158, 20.91135883738, -0.02994128506, 0.00000000000, 0.00000631158, 13.40753778353, -0.07813145932, 0.00000000000, 0.00000631158, 12.42890930568, -0.00007451741
 7356422.54459619522, 0.00000000000, -0.04551703697, 6.86666666667, 222.00000000000, 0.00000873579, 0.00000000000, 0.00000873579, 20.91134272277, -0.02684135340, 0.00000000000, 0.00000873579, 13.40737166895, -0.06970044489, 0.00000000000, 0.00000873579, 12.42890930435, -0.00006520152
 8576958.98590868339, 0.00000000000, -0.03893920412, 6.93333333333, 223.00000000000, 0.00000901445, 0.00000000000, 0.00000901445, 20.91132977223, -0.02406236212, 0.00000000000, 0.00000901445, 13.40723947091, -0.06217892383, 0.00000000000, 0.00000901445, 12.42890930333, -0.00005705027
 9999999.99999969267, 0.00000000000, -0.03303488973, 7.00000000000, 224.00000000000, 0.00000628024, 0.00000000000, 0.00000628024, 20.91131936452, -0.02157108576, 0.00000000000, 0.00000628024, 13.40713426533, -0.05546886632, 0.00000000000, 0.00000628024, 12.42890930255, -0.00004991806
 11659144.01179795340, 0.00000000000, -0.02914984941, 7.06666666667, 225.00000000000, 0.00000216316, 0.00000000000, 0.00000216316, 20.91131100036, -0.01933773798, 0.00000000000, 0.00000216316, 13.40705054138, -0.04948278506, 0.00000000000, 0.00000216316, 12.42890930195, -0.00004367750
 13593563.90878482350, 0.00000000000, -0.02526480909, 7.13333333333, 226.00000000000, 0.00000347265, 0.00000000000, 0.00000347265, 20.91130427849, -0.01733561574, 0.00000000000, 0.00000347265, 13.40698391313, -0.04414260830, 0.00000000000, 0.00000347265, 12.42890930149, -0.00003821710
 15848931.92461062220, 0.00000000000, -0.02137976877, 7.20000000000, 227.00000000000, 0.00000643511, 0.00000000000, 0.00000643511, 20.91129887646, -0.01554078027, 0.00000000000, 0.00000643511, 13.40693089001, -0.03937867144, 0.00000000000, 0.00000643511, 12.42890930114, -0.00003343934
 18478497.97422230240, 0.00000000000, -0.01855519782, 7.26666666667, 228.00000000000, 0.00000731703, 0.00000000000, 0.00000731703, 20.91129453511, -0.01393177096, 0.00000000000, 0.00000731703, 13.40688869405, -0.03512881515, 0.00000000000, 0.00000731703, 12.42890930088, -0.00002925888
 21544346.90031811600, 0.00000000000, -0.01626059128, 7.33333333333, 229.00000000000, 0.00000609680, 0.00000000000, 0.00000609680, 20.91129104619, -0.01248934890, 0.00000000000, 0.00000609680, 13.40685511448, -0.03133757924, 0.00000000000, 0.00000609680, 12.42890930067, -0.00002560105
 25118864.31509494780, 0.00000000000, -0.01396598474, 7.40000000000, 230.00000000000, 0.00000358458, 0.00000000000, 0.00000358458, 20.91128824232, -0.01119626690, 0.00000000000, 0.00000358458, 13.40682839188, -0.02795548245, 0.00000000000, 0.00000358458, 12.42890930051, -0.00002240050
 29286445.64625135440, 0.00000000000, -0.01174975861, 7.46666666667, 231.00000000000, 0.00000154137, 0.00000000000, 0.00000154137, 20.91128598899, -0.01003706336, 0.00000000000, 0.00000154137, 13.40680712609, -0.02493837908, 0.00000000000, 0.00000154137, 12.42890930039, -0.00001960007
 34145488.73833481970, 0.00000000000, -0.01039450391, 7.53333333333, 232.00000000000, 0.00000253461, 0.00000000000, 0.00000253461, 20.91128417810, -0.00899787739, 0.00000000000, 0.00000253461, 13.40679020284, -0.02224688458, 0.00000000000, 0.00000253461, 12.42890930030, -0.00001714975
 39810717.05534830690, 0.00000000000, -0.00903924920, 7.60000000000, 233.00000000000, 0.00000336393, 0.00000000000, 0.00000336393, 20.91128272278, -0.00806628314, 0.00000000000, 0.00000336393, 13.40677673539, -0.01984586263, 0.00000000000, 0.00000336393, 12.42890930023, -0.00001500575
 46415888.33612611150, 0.00000000000, -0.00768399449, 7.66666666667, 234.00000000000, 0.00000292618, 0.00000000000, 0.00000292618, 20.91128155322, -0.00723114120, 0.00000000000, 0.00000292618, 13.40676601805, -0.01770396740, 0.00000000000, 0.00000292618, 12.42890930018, -0.00001312979
 54116952.65464438500, 0.00000000000, -0.00660619925, 7.73333333333, 235.00000000000, 0.00000149910, 0.00000000000, 0.00000149910, 20.91128061329, -0.00648246548, 0.00000000000, 0.00000149910, 13.40675748925, -0.01579323490, 0.00000000000, 0.00000149910, 12.42890930013, -0.00001148835
 63095734.44801697880, 0.00000000000, -0.00580575034, 7.80000000000, 236.00000000000, 0.00000037206, 0.00000000000, 0.00000037206, 20.91127985792, -0.00581130375, 0.00000000000, 0.00000037206, 13.40675070208, -0.01408871836, 0.00000000000, 0.00000037206, 12.42890930010, -0.00001005212
 73564225.44596135620, 0.00000000000, -0.00500530142, 7.86666666667, 237.00000000000, 0.00000183882, 0.00000000000, 0.00000183882, 20.91127925087, -0.00520963065, 0.00000000000, 0.00000183882, 13.40674530089, -0.01256816287, 0.00000000000, 0.00000183882, 12.42890930008, -0.00000879544
 85769589.85908612610, 0.00000000000, -0.00420485250, 7.93333333333, 238.00000000000, 0.00000259245, 0.00000000000, 0.00000259245, 20.91127876302, -0.00467025169, 0.00000000000, 0.00000259245, 13.40674100265, -0.01121171498, 0.00000000000, 0.00000259245, 12.42890930006, -0.00000769587
 99999999.99999611080, 0.00000000000, -0.00370481107, 8.00000000000, 239.00000000000, 0.00000245312, 0.00000000000, 0.00000245312, 20.91127837095, -0.00418671728, 0.00000000000, 0.00000245312, 13.40673758215, -0.01000166368, 0.00000000000, 0.00000245312, 12.42890930005, -0.00000673376
 116591440.11797881100, 0.00000000000, -0.00323204498, 8.06666666667, 240.00000000000, 0.00000160745, 0.00000000000, 0.00000160745, 20.91127805587, -0.00375324557, 0.00000000000, 0.00000160745, 13.40673486013, -0.00892220925, 0.00000000000, 0.00000160745, 12.42890930004, -0.00000589193
 135935639.08784741200, 0.00000000000, -0.00275927889, 8.13333333333, 241.00000000000, 0.00000055735, 0.00000000000, 0.00000055735, 20.91127780265, -0.00336465333, 0.00000000000, 0.00000055735, 13.40673269396, -0.00795925703, 0.00000000000, 0.00000055735, 12.42890930003, -0.00000515534
 158489319.24610525400, 0.00000000000, -0.00235104302, 8.20000000000, 242.00000000000, 0.00000084987, 0.00000000000, 0.00000084987, 20.91127759915, -0.00301629397, 0.00000000000, 0.00000084987, 13.40673097015, -0.00710023347, 0.00000000000, 0.00000084987, 12.42890930002, -0.00000451084
 184784979.74222189200, 0.00000000000, -0.00207181499, 8.26666666667, 243.00000000000, 0.00000141953, 0.00000000000, 0.00000141953, 20.91127743561, -0.00270400198, 0.00000000000, 0.00000141953, 13.40672959834, -0.00633392197, 0.00000000000, 0.00000141953, 12.42890930002, -0.00000394691
 215443469.00317984800, 0.00000000000, -0.00179258696, 8.33333333333, 244.00000000000, 0.00000143270, 0.00000000000, 0.00000143270, 20.91127730418, -0.00242404314, 0.00000000000, 0.00000143270, 13.40672850667, -0.00565031646, 0.00000000000, 0.00000143270, 12.42890930001, -0.00000345349
 251188643.15094792800, 0.00000000000, -0.00151335893, 8.40000000000, 245.00000000000, 0.00000093505, 0.00000000000, 0.00000093505, 20.91127719856, -0.00217306983, 0.00000000000, 0.00000093505, 13.40672763793, -0.00504049075, 0.00000000000, 0.00000093505, 12.42890930001, -0.00000302174
 292864456.46251177800, 0.00000000000, -0.00131987209, 8.46666666667, 246.00000000000, 0.00000016492, 0.00000000000, 0.00000016492, 20.91127711368, -0.00194808104, 0.00000000000, 0.00000016492, 13.40672694659, -0.00449648203, 0.00000000000, 0.00000016492, 12.42890930001, -0.00000264398
 341454887.38334608100, 0.00000000000, -0.00115495271, 8.53333333333, 247.00000000000, 0.00000058465, 0.00000000000, 0.00000058465, 20.91127704546, -0.00174638646, 0.00000000000, 0.00000058465, 13.40672639642, -0.00401118686, 0.00000000000, 0.00000058465, 12.42890930001, -0.00000231344
 398107170.55348062500, 0.00000000000, -0.00099003332, 8.60000000000, 248.00000000000, 0.00000105390, 0.00000000000, 0.00000105390, 20.91127699064, -0.00156557432, 0.00000000000, 0.00000105390, 13.40672595861, -0.00357826845, 0.00000000000, 0.00000105390, 12.42890930000, -0.00000202422
 464158883.36125826800, 0.00000000000, -0.00083637157, 8.66666666667, 249.00000000000, 0.00000112275, 0.00000000000, 0.00000112275, 20.91127694658, -0.00140348258, 0.00000000000, 0.00000112275, 13.40672561020, -0.00319207392, 0.00000000000, 0.00000112275, 12.42890930000, -0.00000177116
 541169526.54644048200, 0.00000000000, -0.00073896586, 8.73333333333, 250.00000000000, 0.00000082085, 0.00000000000, 0.00000082085, 20.91127691117, -0.00125817300, 0.00000000000, 0.00000082085, 13.40672533293, -0.00284756047, 0.00000000000, 0.00000082085, 12.42890930000, -0.00000154974
 630957344.48016583900, 0.00000000000, -0.00064156015, 8.80000000000, 251.00000000000, 0.00000031553, 0.00000000000, 0.00000031553, 20.91127688272, -0.00112790805, 0.00000000000, 0.00000031553, 13.40672511229, -0.00254022958, 0.00000000000, 0.00000031553, 12.42890930000, -0.00000135599
 735642254.45960903200, 0.00000000000, -0.00054415444, 8.86666666667, 252.00000000000, 0.00000030491, 0.00000000000, 0.00000030491, 20.91127685985, -0.00101113008, 0.00000000000, 0.00000030491, 13.40672493670, -0.00226606821, 0.00000000000, 0.00000030491, 12.42890930000, -0.00000118647
 857695898.59085595600, 0.00000000000, -0.00047001229, 8.93333333333, 253.00000000000, 0.00000065693, 0.00000000000, 0.00000065693, 20.91127684147, -0.00090644271, 0.00000000000, 0.00000065693, 13.40672479697, -0.00202149647, 0.00000000000, 0.00000065693, 12.42890930000, -0.00000103814
 999999999.99995505800, 0.00000000000, -0.00041248193, 9.00000000000, 254.00000000000, 0.00000075085, 0.00000000000, 0.00000075085, 20.91127682670, -0.00081259416, 0.00000000000, 0.00000075085, 13.40672468577, -0.00180332080, 0.00000000000, 0.00000075085, 12.42890930000, -0.00000090836
 1165914401.17977858000, 0.00000000000, -0.00035495157, 9.06666666667, 255.00000000000, 0.00000057241, 0.00000000000, 0.00000057241, 20.91127681483, -0.00072846222, 0.00000000000, 0.00000057241, 13.40672459729, -0.00160869236, 0.00000000000, 0.00000057241, 12.42890930000, -0.00000079480
 1359356390.87846303000, 0.00000000000, -0.00029742281, 9.13333333333, 256.00000000000, 0.00000021601, 0.00000000000, 0.00000021601, 20.91127680529, -0.00065304087, 0.00000000000, 0.00000021601, 13.40672452687, -0.00143506972, 0.00000000000, 0.00000021601, 12.42890930000, -0.00000069544
 1584893192.46103954000, 0.00000000000, -0.00026344387, 9.20000000000, 257.00000000000, 0.00000019061, 0.00000000000, 0.00000019061, 20.91127679763, -0.00058542828, 0.00000000000, 0.00000019061, 13.40672447083, -0.00128018580, 0.00000000000, 0.00000019061, 12.42890930000, -0.00000060850
 1847849797.42220378000, 0.00000000000, -0.00022946493, 9.26666666667, 258.00000000000, 0.00000047981, 0.00000000000, 0.00000047981, 20.91127679147, -0.00052481596, 0.00000000000, 0.00000047981, 13.40672442623, -0.00114201816, 0.00000000000, 0.00000047981, 12.42890930000, -0.00000053242
 2154434690.03178072000, 0.00000000000, -0.00019548599, 9.33333333333, 259.00000000000, 0.00000057960, 0.00000000000, 0.00000057960, 20.91127678652, -0.00047047913, 0.00000000000, 0.00000057960, 13.40672439074, -0.00101876264, 0.00000000000, 0.00000057960, 12.42890930000, -0.00000046586
 2511886431.50945902000, 0.00000000000, -0.00016730379, 9.40000000000, 260.00000000000, 0.00000047440, 0.00000000000, 0.00000047440, 20.91127678254, -0.00042176807, 0.00000000000, 0.00000047440, 13.40672436250, -0.00090880982, 0.00000000000, 0.00000047440, 12.42890930000, -0.00000040762
 2928644564.62509346000, 0.00000000000, -0.00014723494, 9.46666666667, 261.00000000000, 0.00000022522, 0.00000000000, 0.00000022522, 20.91127677934, -0.00037810031, 0.00000000000, 0.00000022522, 13.40672434003, -0.00081072397, 0.00000000000, 0.00000022522, 12.42890930000, -0.00000035666
 3414548873.83343315000, 0.00000000000, -0.00012716609, 9.53333333333, 262.00000000000, 0.00000010523, 0.00000000000, 0.00000010523, 20.91127677677, -0.00033895369, 0.00000000000, 0.00000010523, 13.40672432214, -0.00072322431, 0.00000000000, 0.00000010523, 12.42890930000, -0.00000031207
 3981071705.53477383000, 0.00000000000, -0.00010709724, 9.60000000000, 263.00000000000, 0.00000032760, 0.00000000000, 0.00000032760, 20.91127677470, -0.00030386012, 0.00000000000, 0.00000032760, 13.40672430791, -0.00064516829, 0.00000000000, 0.00000032760, 12.42890930000, -0.00000027306
 4641588833.61254501000, 0.00000000000, -0.00009387524, 9.66666666667, 264.00000000000, 0.00000042613, 0.00000000000, 0.00000042613, 20.91127677304, -0.00027239996, 0.00000000000, 0.00000042613, 13.40672429658, -0.00057553669, 0.00000000000, 0.00000042613, 12.42890930000, -0.00000023892
 5411695265.46436119000, 0.00000000000, -0.00008202205, 9.73333333333, 265.00000000000, 0.00000036766, 0.00000000000, 0.00000036766, 20.91127677171, -0.00024419702, 0.00000000000, 0.00000036766, 13.40672428757, -0.00051342028, 0.00000000000, 0.00000036766, 12.42890930000, -0.00000020905
 6309573444.80160713000, 0.00000000000, -0.00007016886, 9.80000000000, 266.00000000000, 0.00000018738, 0.00000000000, 0.00000018738, 20.91127677064, -0.00021891408, 0.00000000000, 0.00000018738, 13.40672428039, -0.00045800795, 0.00000000000, 0.00000018738, 12.42890930000, -0.00000018292
 7356422544.59603023000, 0.00000000000, -0.00005952901, 9.86666666667, 267.00000000000, 0.00000005891, 0.00000000000, 0.00000005891, 20.91127676978, -0.00019624881, 0.00000000000, 0.00000005891, 13.40672427469, -0.00040857615, 0.00000000000, 0.00000005891, 12.42890930000, -0.00000016005
 8576958985.90849018000, 0.00000000000, -0.00005252821, 9.93333333333, 268.00000000000, 0.00000024563, 0.00000000000, 0.00000024563, 20.91127676908, -0.00017593019, 0.00000000000, 0.00000024563, 13.40672427014, -0.00036447942, 0.00000000000, 0.00000024563, 12.42890930000, -0.00000014004
 9999999999.99946785000, 0.00000000000, -0.00004552741, 10.00000000000, 269.00000000000, 0.00000034047, 0.00000000000, 0.00000034047, 20.91127676853, -0.00015771525, 0.00000000000, 0.00000034047, 13.40672426653, -0.00032514196, 0.00000000000, 0.00000034047, 12.42890930000, -0.00000012253
 11659144011.79769130000, 0.00000000000, -0.00003852660, 10.06666666667, 270.00000000000, 0.00000031063, 0.00000000000, 0.00000031063, 20.91127676808, -0.00014138620, 0.00000000000, 0.00000031063, 13.40672426365, -0.00029005010, 0.00000000000, 0.00000031063, 12.42890930000, -0.00000010722
 13593563908.78451920000, 0.00000000000, -0.00003343656, 10.13333333333, 271.00000000000, 0.00000017673, 0.00000000000, 0.00000017673, 20.91127676772, -0.00012674778, 0.00000000000, 0.00000017673, 13.40672426136, -0.00025874563, 0.00000000000, 0.00000017673, 12.42890930000, -0.00000009381
 15848931924.61026570000, 0.00000000000, -0.00002930170, 10.20000000000, 272.00000000000, 0.00000003776, 0.00000000000, 0.00000003776, 20.91127676743, -0.00011362495, 0.00000000000, 0.00000003776, 13.40672425954, -0.00023081978, 0.00000000000, 0.00000003776, 12.42890930000, -0.00000008208
 18478497974.22188570000, 0.00000000000, -0.00002516685, 10.26666666667, 273.00000000000, 0.00000018382, 0.00000000000, 0.00000018382, 20.91127676720, -0.00010186079, 0.00000000000, 0.00000018382, 13.40672425809, -0.00020590790, 0.00000000000, 0.00000018382, 12.42890930000, -0.00000007182
 21544346900.31763460000, 0.00000000000, -0.00002117311, 10.33333333333, 274.00000000000, 0.00000027444, 0.00000000000, 0.00000027444, 20.91127676701, -0.00009131463, 0.00000000000, 0.00000027444, 13.40672425694, -0.00018368471, 0.00000000000, 0.00000027444, 12.42890930000, -0.00000006284
 25118864315.09438320000, 0.00000000000, -0.00001873096, 10.40000000000, 275.00000000000, 0.00000026297, 0.00000000000, 0.00000026297, 20.91127676686, -0.00008186037, 0.00000000000, 0.00000026297, 13.40672425602, -0.00016386003, 0.00000000000, 0.00000026297, 12.42890930000, -0.00000005499
 29286445646.25069430000, 0.00000000000, -0.00001628880, 10.46666666667, 276.00000000000, 0.00000015952, 0.00000000000, 0.00000015952, 20.91127676674, -0.00007338496, 0.00000000000, 0.00000015952, 13.40672425529, -0.00014617497, 0.00000000000, 0.00000015952, 12.42890930000, -0.00000004811
 34145488738.33405300000, 0.00000000000, -0.00001384665, 10.53333333333, 277.00000000000, 0.00000002690, 0.00000000000, 0.00000002690, 20.91127676665, -0.00006578704, 0.00000000000, 0.00000002690, 13.40672425471, -0.00013039863, 0.00000000000, 0.00000002690, 12.42890930000, -0.00000004210
 39810717055.34741210000, 0.00000000000, -0.00001190440, 10.60000000000, 278.00000000000, 0.00000014790, 0.00000000000, 0.00000014790, 20.91127676657, -0.00005897578, 0.00000000000, 0.00000014790, 13.40672425425, -0.00011632499, 0.00000000000, 0.00000014790, 12.42890930000, -0.00000003683
 46415888336.12506860000, 0.00000000000, -0.00001046200, 10.66666666667, 279.00000000000, 0.00000023519, 0.00000000000, 0.00000023519, 20.91127676651, -0.00005286972, 0.00000000000, 0.00000023519, 13.40672425388, -0.00010377029, 0.00000000000, 0.00000023519, 12.42890930000, -0.00000003223
 54116952654.64316560000, 0.00000000000, -0.00000901960, 10.73333333333, 280.00000000000, 0.00000023502, 0.00000000000, 0.00000023502, 20.91127676646, -0.00004739586, 0.00000000000, 0.00000023502, 13.40672425358, -0.00009257059, 0.00000000000, 0.00000023502, 12.42890930000, -0.00000002820
 63095734448.01555630000, 0.00000000000, -0.00000757720, 10.80000000000, 281.00000000000, 0.00000015109, 0.00000000000, 0.00000015109, 20.91127676642, -0.00004248873, 0.00000000000, 0.00000015109, 13.40672425335, -0.00008257965, 0.00000000000, 0.00000015109, 12.42890930000, -0.00000002468
 73564225445.95970150000, 0.00000000000, -0.00000667609, 10.86666666667, 282.00000000000, 0.00000002885, 0.00000000000, 0.00000002885, 20.91127676638, -0.00003808965, 0.00000000000, 0.00000002885, 13.40672425317, -0.00007366701, 0.00000000000, 0.00000002885, 12.42890930000, -0.00000002159
 85769589859.08419790000, 0.00000000000, -0.00000582417, 10.93333333333, 283.00000000000, 0.00000012437, 0.00000000000, 0.00000012437, 20.91127676636, -0.00003414604, 0.00000000000, 0.00000012437, 13.40672425302, -0.00006571629, 0.00000000000, 0.00000012437, 12.42890930000, -0.00000001889
 99999999999.99386590000, 0.00000000000, -0.00000497225, 11.00000000000, 284.00000000000, 0.00000020931, 0.00000000000, 0.00000020931, 20.91127676634, -0.00003061073, 0.00000000000, 0.00000020931, 13.40672425290, -0.00005862367, 0.00000000000, 0.00000020931, 12.42890930000, -0.00000001653
 116591440117.97595200000, 0.00000000000, -0.00000423659, 11.06666666667, 285.00000000000, 0.00000021609, 0.00000000000, 0.00000021609, 20.91127676632, -0.00002744145, 0.00000000000, 0.00000021609, 13.40672425281, -0.00005229655, 0.00000000000, 0.00000021609, 12.42890930000, -0.00000001446
 135935639087.84407000000, 0.00000000000, -0.00000373342, 11.13333333333, 286.00000000000, 0.00000014394, 0.00000000000, 0.00000014394, 20.91127676631, -0.00002460030, 0.00000000000, 0.00000014394, 13.40672425273, -0.00004665230, 0.00000000000, 0.00000014394, 12.42890930000, -0.00000001265
 158489319246.10137900000, 0.00000000000, -0.00000323026, 11.20000000000, 287.00000000000, 0.00000002929, 0.00000000000, 0.00000002929, 20.91127676630, -0.00002205331, 0.00000000000, 0.00000002929, 13.40672425267, -0.00004161722, 0.00000000000, 0.00000002929, 12.42890930000, -0.00000001107
 184784979742.21734600000, 0.00000000000, -0.00000272709, 11.26666666667, 288.00000000000, 0.00000011233, 0.00000000000, 0.00000011233, 20.91127676629, -0.00001977002, 0.00000000000, 0.00000011233, 13.40672425263, -0.00003712556, 0.00000000000, 0.00000011233, 12.42890930000, -0.00000000969
 215443469003.17456000000, 0.00000000000, -0.00000237842, 11.33333333333, 289.00000000000, 0.00000019639, 0.00000000000, 0.00000019639, 20.91127676628, -0.00001772313, 0.00000000000, 0.00000019639, 13.40672425259, -0.00003311868, 0.00000000000, 0.00000019639, 12.42890930000, -0.00000000848
 251188643150.94177200000, 0.00000000000, -0.00000208123, 11.40000000000, 290.00000000000, 0.00000020720, 0.00000000000, 0.00000020720, 20.91127676627, -0.00001588816, 0.00000000000, 0.00000020720, 13.40672425256, -0.00002954425, 0.00000000000, 0.00000020720, 12.42890930000, -0.00000000742
 292864456462.50457700000, 0.00000000000, -0.00000178405, 11.46666666667, 291.00000000000, 0.00000014116, 0.00000000000, 0.00000014116, 20.91127676627, -0.00001424318, 0.00000000000, 0.00000014116, 13.40672425253, -0.00002635561, 0.00000000000, 0.00000014116, 12.42890930000, -0.00000000649
 341454887383.33770700000, 0.00000000000, -0.00000150715, 11.53333333333, 292.00000000000, 0.00000003065, 0.00000000000, 0.00000003065, 20.91127676627, -0.00001276851, 0.00000000000, 0.00000003065, 13.40672425252, -0.00002351110, 0.00000000000, 0.00000003065, 12.42890930000, -0.00000000568
 398107170553.47088600000, 0.00000000000, -0.00000133162, 11.60000000000, 293.00000000000, 0.00000010745, 0.00000000000, 0.00000010745, 20.91127676626, -0.00001144653, 0.00000000000, 0.00000010745, 13.40672425250, -0.00002097360, 0.00000000000, 0.00000010745, 12.42890930000, -0.00000000497
 464158883361.24688700000, 0.00000000000, -0.00000115610, 11.66666666667, 294.00000000000, 0.00000019194, 0.00000000000, 0.00000019194, 20.91127676626, -0.00001026141, 0.00000000000, 0.00000019194, 13.40672425249, -0.00001870997, 0.00000000000, 0.00000019194, 12.42890930000, -0.00000000435
 541169526546.42724600000, 0.00000000000, -0.00000098057, 11.73333333333, 295.00000000000, 0.00000020478, 0.00000000000, 0.00000020478, 20.91127676626, -0.00000919899, 0.00000000000, 0.00000020478, 13.40672425248, -0.00001669064, 0.00000000000, 0.00000020478, 12.42890930000, -0.00000000380
 630957344480.15039000000, 0.00000000000, -0.00000084696, 11.80000000000, 296.00000000000, 0.00000014048, 0.00000000000, 0.00000014048, 20.91127676626, -0.00000824658, 0.00000000000, 0.00000014048, 13.40672425247, -0.00001488926, 0.00000000000, 0.00000014048, 12.42890930000, -0.00000000333
 735642254459.59094200000, 0.00000000000, -0.00000074330, 11.86666666667, 297.00000000000, 0.00000003019, 0.00000000000, 0.00000003019, 20.91127676626, -0.00000739277, 0.00000000000, 0.00000003019, 13.40672425247, -0.00001328229, 0.00000000000, 0.00000003019, 12.42890930000, -0.00000000291
 857695898590.83496000000, 0.00000000000, -0.00000063963, 11.93333333333, 298.00000000000, 0.00000010944, 0.00000000000, 0.00000010944, 20.91127676626, -0.00000662736, 0.00000000000, 0.00000010944, 13.40672425246, -0.00001184876, 0.00000000000, 0.00000010944, 12.42890930000, -0.00000000255
 999999999999.93041900000, 0.00000000000, -0.00000053596, 12.00000000000, 299.00000000000, 0.00000019593, 0.00000000000, 0.00000019593, 20.91127676625, -0.00000594119, 0.00000000000, 0.00000019593, 13.40672425246, -0.00001056995, 0.00000000000, 0.00000019593, 12.42890930000, -0.00000000223
