f,x,Z','-Z'',Z,'-phi,f_fit,x_fit,Z'_fit,'-Z''_fit,Z_fit,'-phi_fit
 215.34449800000, 2.33313378012, 30.41827704058, 0.61048243058, 30.42440249069, 1.15005737189, 215.34449800000, 2.33313378012, 30.16040863470, 1.65822347819, 30.20595891734, 3.15330788819
 316.31576500000, 2.50012083745, 30.32665189897, 1.81853704897, 30.38112724044, 3.43986423270, 222.48534326413, 2.34730140611, 30.14810632286, 1.70848611853, 30.19647727256, 3.25041867231
 464.55389400000, 2.66703610479, 29.86752457121, 3.18504946121, 30.03687007799, 6.13324368621, 229.86297967714, 2.36146903209, 30.13519858413, 1.76023263738, 30.18656344539, 3.35052571721
 681.08966100000, 2.83320428770, 28.99110398135, 4.69226915135, 29.36837584624, 9.35527197071, 237.48525925740, 2.37563665808, 30.12165210573, 1.81350232760, 30.17619452931, 3.45372013699
 999.04040500000, 2.99958305310, 27.64265405086, 6.25289017086, 28.34104723655, 13.18623513350, 245.36029439700, 2.38980428407, 30.10743167976, 1.86833505920, 30.16534631402, 3.56009561729
 1468.58972000000, 3.16690048386, 25.70692333827, 7.78386675827, 26.85953255793, 17.89912988260, 253.49646649577, 2.40397191005, 30.09250010181, 1.92477123707, 30.15399321305, 3.66974846473
 2152.93286000000, 3.33303048640, 23.24141954162, 9.07317224162, 24.94967007469, 23.57770567903, 261.90243488160, 2.41813953604, 30.07681806565, 1.98285175210, 30.14210818813, 3.78277765452
 3160.05566000000, 3.49969473218, 20.38245754332, 9.91939524332, 22.66801662031, 30.31575954619, 270.58714602657, 2.43230716202, 30.06034405367, 2.04261792501, 30.12966267008, 3.89928487599
 4642.42725000000, 3.66674510677, 17.26227858519, 10.23241708519, 20.06710296376, 38.59230599427, 279.55984306868, 2.44647478801, 30.04303422360, 2.10411144214, 30.11662647644, 4.01937457553
 6856.00244000000, 3.83607096348, 14.20894453901, 10.03905703901, 17.39760820186, 48.90277155071, 288.83007564931, 2.46064241400, 30.02484229122, 2.16737428257, 30.10296772569, 4.14315399644
 10015.27050000000, 4.00066268354, 11.42687487488, 9.49311617488, 14.85573034609, 62.74616271527, 298.40771007691, 2.47481003998, 30.00571940958, 2.23244863567, 30.08865274812, 4.27073321526
 14672.84960000000, 4.16651446595, 8.94197197041, 8.70357337041, 12.47842346347, 84.20772871462, 308.30293982772, 2.48897766597, 29.98561404469, 2.29937680841, 30.07364599353, 4.40222517391
 21545.40820000000, 4.33335472666, 6.72856879284, 7.79524392284, 10.29754659211, 131.01293648521, 318.52629639468, 2.50314529195, 29.96447184826, 2.36820112138, 30.05790993559, 4.53774570699
 31628.41210000000, 4.50007738877, 4.83850776681, 6.77660333681, 8.32667461799, 333.30148851573, 329.08866049609, 2.51731291794, 29.94223552767, 2.43896379273, 30.04140497341, 4.67741356366
 46411.12500000000, 4.66662209579, 3.24763918999, 5.66227053999, 6.52751621801, -328.44582368754, 340.00127365598, 2.53148054393, 29.91884471377, 2.51170680899, 30.02408933009, 4.82135042313
 68127.42969999999, 4.83332200426, 2.03968400766, 4.51631464766, 4.95554324446, -76.40626707518, 351.27575016842, 2.54564816991, 29.89423582707, 2.58647178179, 30.00591894881, 4.96968090306
 100024.40600000000, 5.00010598098, 1.15365721374, 3.41668913374, 3.60620154781, -10.42473121743, 362.92408945868, 2.55981579590, 29.86834194298, 2.66329978933, 29.98684738666, 5.12253255990
 146777.32800000001, 5.16665897734, 0.54344921939, 2.43574197939, 2.49563139190, 244.28095075009, 374.95868885416, 2.57398342189, 29.84109265702, 2.74223120168, 29.96682570658, 5.28003588010
 0.00000000000, 0.00000000000, 0.00000000000, 0.00000000000, 0.00000000000, 0.00000000000, 387.39235677889, 2.58815104787, 29.81241395088, 2.82330548862, 29.94580236796, 5.44232426117
 0.00000000000, 0.00000000000, 0.00000000000, 0.00000000000, 0.00000000000, 0.00000000000, 400.23832638553, 2.60231867386, 29.78222806048, 2.90656100894, 29.92372311637, 5.60953398127
 0.00000000000, 0.00000000000, 0.00000000000, 0.00000000000, 0.00000000000, 0.00000000000, 413.51026963942, 2.61648629984, 29.75045334738, 2.99203478013, 29.90053087322, 5.78180415621
 0.00000000000, 0.00000000000, 0.00000000000, 0.00000000000, 0.00000000000, 0.00000000000, 427.22231186966, 2.63065392583, 29.71700417498, 3.07976222710, 29.87616562599, 5.95927668218
 0.00000000000, 0.00000000000, 0.00000000000, 0.00000000000, 0.00000000000, 0.00000000000, 441.38904680266, 2.64482155182, 29.68179079122, 3.16977690909, 29.85056432008, 6.14209616298
 0.00000000000, 0.00000000000, 0.00000000000, 0.00000000000, 0.00000000000, 0.00000000000, 456.02555209429, 2.65898917780, 29.64471921969, 3.26211022342, 29.82366075324, 6.33040981990
 0.00000000000, 0.00000000000, 0.00000000000, 0.00000000000, 0.00000000000, 0.00000000000, 471.14740537700, 2.67315680379, 29.60569116140, 3.35679108522, 29.79538547383, 6.52436738257
 0.00000000000, 0.00000000000, 0.00000000000, 0.00000000000, 0.00000000000, 0.00000000000, 486.77070083912, 2.68732442977, 29.56460390947, 3.45384558220, 29.76566568430, 6.72412095892
 0.00000000000, 0.00000000000, 0.00000000000, 0.00000000000, 0.00000000000, 0.00000000000, 502.91206635385, 2.70149205576, 29.52135027957, 3.55329660353, 29.73442515136, 6.92982488221
 0.00000000000, 0.00000000000, 0.00000000000, 0.00000000000, 0.00000000000, 0.00000000000, 519.58868117639, 2.71565968175, 29.47581855906, 3.65516344236, 29.70158412470, 7.14163553310
 0.00000000000, 0.00000000000, 0.00000000000, 0.00000000000, 0.00000000000, 0.00000000000, 536.81829422773, 2.72982730773, 29.42789247804, 3.75946137144, 29.66705926617, 7.35971113434
 0.00000000000, 0.00000000000, 0.00000000000, 0.00000000000, 0.00000000000, 0.00000000000, 554.61924298489, 2.74399493372, 29.37745120599, 3.86620119165, 29.63076359148, 7.58421151596
 0.00000000000, 0.00000000000, 0.00000000000, 0.00000000000, 0.00000000000, 0.00000000000, 573.01047299749, 2.75816255970, 29.32436937775, 3.97538875357, 29.59260642702, 7.81529784834
 0.00000000000, 0.00000000000, 0.00000000000, 0.00000000000, 0.00000000000, 0.00000000000, 592.01155805146, 2.77233018569, 29.26851715319, 4.08702445262, 29.55249338420, 8.05313234072
 0.00000000000, 0.00000000000, 0.00000000000, 0.00000000000, 0.00000000000, 0.00000000000, 611.64272100145, 2.78649781168, 29.20976031490, 4.20110269856, 29.51032635431, 8.29787790238
 0.00000000000, 0.00000000000, 0.00000000000, 0.00000000000, 0.00000000000, 0.00000000000, 631.92485529403, 2.80066543766, 29.14796040871, 4.31761136087, 29.46600352697, 8.54969776409
 0.00000000000, 0.00000000000, 0.00000000000, 0.00000000000, 0.00000000000, 0.00000000000, 652.87954720455, 2.81483306365, 29.08297493209, 4.43653119194, 29.41941943543, 8.80875505675
 0.00000000000, 0.00000000000, 0.00000000000, 0.00000000000, 0.00000000000, 0.00000000000, 674.52909881141, 2.82900068964, 29.01465757553, 4.55783523064, 29.37046503232, 9.07521234492
 0.00000000000, 0.00000000000, 0.00000000000, 0.00000000000, 0.00000000000, 0.00000000000, 696.89655173220, 2.84316831562, 28.94285852227, 4.68148818969, 29.31902779954, 9.34923111224
 0.00000000000, 0.00000000000, 0.00000000000, 0.00000000000, 0.00000000000, 0.00000000000, 720.00571164687, 2.85733594161, 28.86742481190, 4.80744583104, 29.26499189628, 9.63097119642
 0.00000000000, 0.00000000000, 0.00000000000, 0.00000000000, 0.00000000000, 0.00000000000, 743.88117363412, 2.87150356759, 28.78820077307, 4.93565433413, 29.20823834908, 9.92059017134
 0.00000000000, 0.00000000000, 0.00000000000, 0.00000000000, 0.00000000000, 0.00000000000, 768.54834834792, 2.88567119358, 28.70502853074, 5.06604966329, 29.14864528827, 10.21824267401
 0.00000000000, 0.00000000000, 0.00000000000, 0.00000000000, 0.00000000000, 0.00000000000, 794.03348906211, 2.89983881957, 28.61774859295, 5.19855694122, 29.08608823476, 10.52407967461
 0.00000000000, 0.00000000000, 0.00000000000, 0.00000000000, 0.00000000000, 0.00000000000, 820.36371961173, 2.91400644555, 28.52620052172, 5.33308983668, 29.02044044138, 10.83824768818
 0.00000000000, 0.00000000000, 0.00000000000, 0.00000000000, 0.00000000000, 0.00000000000, 847.56706326091, 2.92817407154, 28.43022369225, 5.46954997582, 28.95157329282, 11.16088792687
 0.00000000000, 0.00000000000, 0.00000000000, 0.00000000000, 0.00000000000, 0.00000000000, 875.67247252807, 2.94234169752, 28.32965814358, 5.60782638746, 28.87935676783, 11.49213539258
 0.00000000000, 0.00000000000, 0.00000000000, 0.00000000000, 0.00000000000, 0.00000000000, 904.70986000004, 2.95650932351, 28.22434552307, 5.74779499407, 28.80365996709, 11.83211791037
 0.00000000000, 0.00000000000, 0.00000000000, 0.00000000000, 0.00000000000, 0.00000000000, 934.71013016806, 2.97067694950, 28.11413012594, 5.88931816109, 28.72435170967, 12.18095510401
 0.00000000000, 0.00000000000, 0.00000000000, 0.00000000000, 0.00000000000, 0.00000000000, 965.70521231939, 2.98484457548, 27.99886002917, 6.03224431840, 28.64130120036, 12.53875731620
 0.00000000000, 0.00000000000, 0.00000000000, 0.00000000000, 0.00000000000, 0.00000000000, 997.72809451969, 2.99901220147, 27.87838831797, 6.17640766864, 28.55437876923, 12.90562447708
 0.00000000000, 0.00000000000, 0.00000000000, 0.00000000000, 0.00000000000, 0.00000000000, 1030.81285872223, 3.01317982745, 27.75257440049, 6.32162799780, 28.46345668392, 13.28164492642
 0.00000000000, 0.00000000000, 0.00000000000, 0.00000000000, 0.00000000000, 0.00000000000, 1064.99471704123, 3.02734745344, 27.62128540453, 6.46771060395, 28.36841003397, 13.66689419615
 0.00000000000, 0.00000000000, 0.00000000000, 0.00000000000, 0.00000000000, 0.00000000000, 1100.31004922822, 3.04151507943, 27.48439764729, 6.61444636044, 28.26911768502, 14.06143376212
 0.00000000000, 0.00000000000, 0.00000000000, 0.00000000000, 0.00000000000, 0.00000000000, 1136.79644139092, 3.05568270541, 27.34179816664, 6.76161192940, 28.16546329939, 14.46530977584
 0.00000000000, 0.00000000000, 0.00000000000, 0.00000000000, 0.00000000000, 0.00000000000, 1174.49272599620, 3.06985033140, 27.19338629943, 6.90897014119, 28.05733641745, 14.87855178937
 0.00000000000, 0.00000000000, 0.00000000000, 0.00000000000, 0.00000000000, 0.00000000000, 1213.43902319942, 3.08401795739, 27.03907528938, 7.05627055402, 27.94463359281, 15.30117148893
 0.00000000000, 0.00000000000, 0.00000000000, 0.00000000000, 0.00000000000, 0.00000000000, 1253.67678354437, 3.09818558337, 26.87879390404, 7.20325020679, 27.82725957182, 15.73316145544
 0.00000000000, 0.00000000000, 0.00000000000, 0.00000000000, 0.00000000000, 0.00000000000, 1295.24883207902, 3.11235320936, 26.71248803739, 7.34963457577, 27.70512850620, 16.17449397304
 0.00000000000, 0.00000000000, 0.00000000000, 0.00000000000, 0.00000000000, 0.00000000000, 1338.19941393425, 3.12652083534, 26.54012227175, 7.49513874294, 27.57816518508, 16.62511990953
 0.00000000000, 0.00000000000, 0.00000000000, 0.00000000000, 0.00000000000, 0.00000000000, 1382.57424141397, 3.14068846133, 26.36168137017, 7.63946878070, 27.44630627085, 17.08496769539
 0.00000000000, 0.00000000000, 0.00000000000, 0.00000000000, 0.00000000000, 0.00000000000, 1428.42054264667, 3.15485608732, 26.17717166837, 7.78232335339, 27.30950152111, 17.55394243110
 0.00000000000, 0.00000000000, 0.00000000000, 0.00000000000, 0.00000000000, 0.00000000000, 1475.78711185035, 3.16902371330, 25.98662233371, 7.92339553155, 27.16771497686, 18.03192515497
 0.00000000000, 0.00000000000, 0.00000000000, 0.00000000000, 0.00000000000, 0.00000000000, 1524.72436126418, 3.18319133929, 25.79008645776, 8.06237480986, 27.02092609578, 18.51877230635
 0.00000000000, 0.00000000000, 0.00000000000, 0.00000000000, 0.00000000000, 0.00000000000, 1575.28437480231, 3.19735896527, 25.58764194905, 8.19894931409, 26.86913080783, 19.01431542079
 0.00000000000, 0.00000000000, 0.00000000000, 0.00000000000, 0.00000000000, 0.00000000000, 1627.52096348668, 3.21152659126, 25.37939219335, 8.33280817684, 26.71234246965, 19.51836109556
 0.00000000000, 0.00000000000, 0.00000000000, 0.00000000000, 0.00000000000, 0.00000000000, 1681.48972271818, 3.22569421725, 25.16546645087, 8.46364405577, 26.55059269381, 20.03069126453
 0.00000000000, 0.00000000000, 0.00000000000, 0.00000000000, 0.00000000000, 0.00000000000, 1737.24809144677, 3.23986184323, 24.94601996280, 8.59115576253, 26.38393202918, 20.55106382148
 0.00000000000, 0.00000000000, 0.00000000000, 0.00000000000, 0.00000000000, 0.00000000000, 1794.85541330382, 3.25402946922, 24.72123374350, 8.71505096511, 26.21243046963, 21.07921362970
 0.00000000000, 0.00000000000, 0.00000000000, 0.00000000000, 0.00000000000, 0.00000000000, 1854.37299976146, 3.26819709520, 24.49131404025, 8.83504892146, 26.03617776984, 21.61485395376
 0.00000000000, 0.00000000000, 0.00000000000, 0.00000000000, 0.00000000000, 0.00000000000, 1915.86419538644, 3.28236472119, 24.25649144847, 8.95088319826, 25.85528354938, 22.15767834547
 0.00000000000, 0.00000000000, 0.00000000000, 0.00000000000, 0.00000000000, 0.00000000000, 1979.39444525772, 3.29653234718, 24.01701967753, 9.06230432559, 25.66987716917, 22.70736301133
 0.00000000000, 0.00000000000, 0.00000000000, 0.00000000000, 0.00000000000, 0.00000000000, 2045.03136461968, 3.31069997316, 23.77317397019, 9.16908233669, 25.48010736857, 23.26356968215
 0.00000000000, 0.00000000000, 0.00000000000, 0.00000000000, 0.00000000000, 0.00000000000, 2112.84481084503, 3.32486759915, 23.52524918704, 9.27100914136, 25.28614165530, 23.82594899766
 0.00000000000, 0.00000000000, 0.00000000000, 0.00000000000, 0.00000000000, 0.00000000000, 2182.90695778397, 3.33903522514, 23.27355757570, 9.36790068275, 25.08816544571, 24.39414440947
 0.00000000000, 0.00000000000, 0.00000000000, 0.00000000000, 0.00000000000, 0.00000000000, 2255.29237257888, 3.35320285112, 23.01842625318, 9.45959883018, 24.88638095828, 24.96779659481
 0.00000000000, 0.00000000000, 0.00000000000, 0.00000000000, 0.00000000000, 0.00000000000, 2330.07809502610, 3.36737047711, 22.76019443765, 9.54597296463, 24.68100586850, 25.54654836207
 0.00000000000, 0.00000000000, 0.00000000000, 0.00000000000, 0.00000000000, 0.00000000000, 2407.34371956936, 3.38153810309, 22.49921047323, 9.62692121950, 24.47227173936, 26.13005001589
 0.00000000000, 0.00000000000, 0.00000000000, 0.00000000000, 0.00000000000, 0.00000000000, 2487.17148001219, 3.39570572908, 22.23582869742, 9.70237134621, 24.26042224696, 26.71796513694
 0.00000000000, 0.00000000000, 0.00000000000, 0.00000000000, 0.00000000000, 0.00000000000, 2569.64633703932, 3.40987335507, 21.97040620583, 9.77228118263, 24.04571122594, 27.30997671820
 0.00000000000, 0.00000000000, 0.00000000000, 0.00000000000, 0.00000000000, 0.00000000000, 2654.85606864037, 3.42404098105, 21.70329957216, 9.83663871107, 23.82840056427, 27.90579358715
 0.00000000000, 0.00000000000, 0.00000000000, 0.00000000000, 0.00000000000, 0.00000000000, 2742.89136353192, 3.43820860704, 21.43486158301, 9.89546170242, 23.60875798061, 28.50515703200
 0.00000000000, 0.00000000000, 0.00000000000, 0.00000000000, 0.00000000000, 0.00000000000, 2833.84591767756, 3.45237623302, 21.16543804680, 9.94879695257, 23.38705472086, 29.10784754036
 0.00000000000, 0.00000000000, 0.00000000000, 0.00000000000, 0.00000000000, 0.00000000000, 2927.81653400846, 3.46654385901, 20.89536473460, 9.99671912686, 23.16356321236, 29.71369155169
 0.00000000000, 0.00000000000, 0.00000000000, 0.00000000000, 0.00000000000, 0.00000000000, 3024.90322545075, 3.48071148500, 20.62496450658, 10.03932923721, 22.93855471538, 30.32256812029
 0.00000000000, 0.00000000000, 0.00000000000, 0.00000000000, 0.00000000000, 0.00000000000, 3125.20932136929, 3.49487911098, 20.35454467318, 10.07675278483, 22.71229701151, 30.93441538452
 0.00000000000, 0.00000000000, 0.00000000000, 0.00000000000, 0.00000000000, 0.00000000000, 3228.84157754108, 3.50904673697, 20.08439463331, 10.10913760825, 22.48505216736, 31.54923674029
 0.00000000000, 0.00000000000, 0.00000000000, 0.00000000000, 0.00000000000, 0.00000000000, 3335.91028977545, 3.52321436296, 19.81478382479, 10.13665148203, 22.25707440998, 32.16710662310
 0.00000000000, 0.00000000000, 0.00000000000, 0.00000000000, 0.00000000000, 0.00000000000, 3446.52941130190, 3.53738198894, 19.54596001382, 10.15947951584, 22.02860814702, 32.78817581273
 0.00000000000, 0.00000000000, 0.00000000000, 0.00000000000, 0.00000000000, 0.00000000000, 3560.81667405048, 3.55154961493, 19.27814794195, 10.17782140587, 21.79988616120, 33.41267618796
 0.00000000000, 0.00000000000, 0.00000000000, 0.00000000000, 0.00000000000, 0.00000000000, 3678.89371395394, 3.56571724091, 19.01154834016, 10.19188859172, 21.57112800380, 34.04092487541
 0.00000000000, 0.00000000000, 0.00000000000, 0.00000000000, 0.00000000000, 0.00000000000, 3800.88620040480, 3.57988486690, 18.74633731153, 10.20190137129, 21.34253860690, 34.67332775540
 0.00000000000, 0.00000000000, 0.00000000000, 0.00000000000, 0.00000000000, 0.00000000000, 3926.92397000533, 3.59405249289, 18.48266607576, 10.20808602420, 21.11430712919, 35.31038230900
 0.00000000000, 0.00000000000, 0.00000000000, 0.00000000000, 0.00000000000, 0.00000000000, 4057.14116475260, 3.60822011887, 18.22066106182, 10.21067199135, 20.88660604418, 35.95267981248
 0.00000000000, 0.00000000000, 0.00000000000, 0.00000000000, 0.00000000000, 0.00000000000, 4191.67637480584, 3.62238774486, 17.96042432856, 10.20988915384, 20.65959047502, 36.60090690816
 0.00000000000, 0.00000000000, 0.00000000000, 0.00000000000, 0.00000000000, 0.00000000000, 4330.67278598792, 3.63655537084, 17.70203428805, 10.20596524969, 20.43339777455, 37.25584660250
 0.00000000000, 0.00000000000, 0.00000000000, 0.00000000000, 0.00000000000, 0.00000000000, 4474.27833217805, 3.65072299683, 17.44554670194, 10.19912346121, 20.20814734474, 37.91837876376
 0.00000000000, 0.00000000000, 0.00000000000, 0.00000000000, 0.00000000000, 0.00000000000, 4622.64585275776, 3.66489062282, 17.19099591830, 10.18958020028, 19.98394068548, 38.58948021042
 0.00000000000, 0.00000000000, 0.00000000000, 0.00000000000, 0.00000000000, 0.00000000000, 4775.93325527791, 3.67905824880, 16.93839631432, 10.17754311257, 19.76086165908, 39.27022449892
 0.00000000000, 0.00000000000, 0.00000000000, 0.00000000000, 0.00000000000, 0.00000000000, 4934.30368351965, 3.69322587479, 16.68774390932, 10.16320931627, 19.53897695350, 39.96178153347
 0.00000000000, 0.00000000000, 0.00000000000, 0.00000000000, 0.00000000000, 0.00000000000, 5097.92569112836, 3.70739350077, 16.43901811237, 10.14676388516, 19.31833672551, 40.66541713255
 0.00000000000, 0.00000000000, 0.00000000000, 0.00000000000, 0.00000000000, 0.00000000000, 5266.97342100531, 3.72156112676, 16.19218356988, 10.12837858062, 19.09897540270, 41.38249269579
 0.00000000000, 0.00000000000, 0.00000000000, 0.00000000000, 0.00000000000, 0.00000000000, 5441.62679064792, 3.73572875275, 15.94719207951, 10.10821083274, 18.88091262254, 42.11446512121
 0.00000000000, 0.00000000000, 0.00000000000, 0.00000000000, 0.00000000000, 0.00000000000, 5622.07168363596, 3.74989637873, 15.70398453928, 10.08640296630, 18.66415428592, 42.86288712773
 0.00000000000, 0.00000000000, 0.00000000000, 0.00000000000, 0.00000000000, 0.00000000000, 5808.50014746745, 3.76406400472, 15.46249290273, 10.06308166396, 18.44869370288, 43.62940814024
 0.00000000000, 0.00000000000, 0.00000000000, 0.00000000000, 0.00000000000, 0.00000000000, 6001.11059795481, 3.77823163071, 15.22264211381, 10.03835765615, 18.23451280836, 44.41577589693
 0.00000000000, 0.00000000000, 0.00000000000, 0.00000000000, 0.00000000000, 0.00000000000, 6200.10803039879, 3.79239925669, 14.98435199822, 10.01232562450, 18.02158342704, 45.22383893998
 0.00000000000, 0.00000000000, 0.00000000000, 0.00000000000, 0.00000000000, 0.00000000000, 6405.70423776501, 3.80656688268, 14.74753909049, 9.98506430405, 17.80986856722, 46.05555015312
 0.00000000000, 0.00000000000, 0.00000000000, 0.00000000000, 0.00000000000, 0.00000000000, 6618.11803609514, 3.82073450866, 14.51211837932, 9.95663676822, 17.59932372535, 46.91297151322
 0.00000000000, 0.00000000000, 0.00000000000, 0.00000000000, 0.00000000000, 0.00000000000, 6837.57549739288, 3.83490213465, 14.27800495629, 9.92709087932, 17.38989818423, 47.79828022896
 0.00000000000, 0.00000000000, 0.00000000000, 0.00000000000, 0.00000000000, 0.00000000000, 7064.31019023236, 3.84906976064, 14.04511555590, 9.89645988723, 17.18153628981, 48.71377644887
 0.00000000000, 0.00000000000, 0.00000000000, 0.00000000000, 0.00000000000, 0.00000000000, 7298.56342834519, 3.86323738662, 13.81336997729, 9.86476315873, 16.97417869316, 49.66189273405
 0.00000000000, 0.00000000000, 0.00000000000, 0.00000000000, 0.00000000000, 0.00000000000, 7540.58452745062, 3.87740501261, 13.58269238031, 9.83200701970, 16.76776354597, 50.64520550960
 0.00000000000, 0.00000000000, 0.00000000000, 0.00000000000, 0.00000000000, 0.00000000000, 7790.63107060230, 3.89157263859, 13.35301245081, 9.79818569344, 16.56222763987, 51.66644873327
 0.00000000000, 0.00000000000, 0.00000000000, 0.00000000000, 0.00000000000, 0.00000000000, 8048.96918233391, 3.90574026458, 13.12426643182, 9.76328231813, 16.35750748119, 52.72853005257
 0.00000000000, 0.00000000000, 0.00000000000, 0.00000000000, 0.00000000000, 0.00000000000, 8315.87381189549, 3.91990789057, 12.89639801890, 9.72727002772, 16.15354029475, 53.83454976254
 0.00000000000, 0.00000000000, 0.00000000000, 0.00000000000, 0.00000000000, 0.00000000000, 8591.62902588194, 3.93407551655, 12.66935911962, 9.69011308096, 15.95026495152, 54.98782292940
 0.00000000000, 0.00000000000, 0.00000000000, 0.00000000000, 0.00000000000, 0.00000000000, 8876.52831056508, 3.94824314254, 12.44311047830, 9.65176802413, 15.74762281637, 56.19190511040
 0.00000000000, 0.00000000000, 0.00000000000, 0.00000000000, 0.00000000000, 0.00000000000, 9170.87488425109, 3.96241076852, 12.21762216828, 9.61218487392, 15.54555851352, 57.45062218182
 0.00000000000, 0.00000000000, 0.00000000000, 0.00000000000, 0.00000000000, 0.00000000000, 9474.98201999575, 3.97657839451, 11.99287395503, 9.57130830772, 15.34402060813, 58.76810488789
 0.00000000000, 0.00000000000, 0.00000000000, 0.00000000000, 0.00000000000, 0.00000000000, 9789.17337902097, 3.99074602050, 11.76885553429, 9.52907884944, 15.14296220380, 60.14882884791
 0.00000000000, 0.00000000000, 0.00000000000, 0.00000000000, 0.00000000000, 0.00000000000, 10113.78335518739, 4.00491364648, 11.54556665019, 9.48543403989, 14.94234145638, 61.59766091303
 0.00000000000, 0.00000000000, 0.00000000000, 0.00000000000, 0.00000000000, 0.00000000000, 10449.15743088981, 4.01908127247, 11.32301709893, 9.44030958146, 14.74212200521, 63.11991295490
 0.00000000000, 0.00000000000, 0.00000000000, 0.00000000000, 0.00000000000, 0.00000000000, 10795.65254475400, 4.03324889846, 11.10122662424, 9.39364044788, 14.54227332389, 64.72140440546
 0.00000000000, 0.00000000000, 0.00000000000, 0.00000000000, 0.00000000000, 0.00000000000, 11153.63747152665, 4.04741652444, 10.88022471130, 9.34536195042, 14.34277099283, 66.40853516328
 0.00000000000, 0.00000000000, 0.00000000000, 0.00000000000, 0.00000000000, 0.00000000000, 11523.49321456215, 4.06158415043, 10.66005028629, 9.29541075302, 14.14359689660, 68.18837085211
 0.00000000000, 0.00000000000, 0.00000000000, 0.00000000000, 0.00000000000, 0.00000000000, 11905.61341132458, 4.07575177641, 10.44075132918, 9.24372582928, 13.94473934948, 70.06874288517
 0.00000000000, 0.00000000000, 0.00000000000, 0.00000000000, 0.00000000000, 0.00000000000, 12300.40475233597, 4.08991940240, 10.22238440754, 9.19024935550, 13.74619315272, 72.05836638071
 0.00000000000, 0.00000000000, 0.00000000000, 0.00000000000, 0.00000000000, 0.00000000000, 12708.28741401710, 4.10408702839, 10.00501413957, 9.13492753433, 13.54795958771, 74.16697973045
 0.00000000000, 0.00000000000, 0.00000000000, 0.00000000000, 0.00000000000, 0.00000000000, 13129.69550588121, 4.11825465437, 9.78871259472, 9.07771134484, 13.35004634907, 76.40551059354
 0.00000000000, 0.00000000000, 0.00000000000, 0.00000000000, 0.00000000000, 0.00000000000, 13565.07753255676, 4.13242228036, 9.57355864054, 9.01855721527, 13.15246742209, 78.78627434541
 0.00000000000, 0.00000000000, 0.00000000000, 0.00000000000, 0.00000000000, 0.00000000000, 14014.89687113091, 4.14658990634, 9.35963724412, 8.95742761588, 12.95524290916, 81.32321264998
 0.00000000000, 0.00000000000, 0.00000000000, 0.00000000000, 0.00000000000, 0.00000000000, 14479.63226432176, 4.16075753233, 9.14703873705, 8.89429156984, 12.75839880966, 84.03218197883
 0.00000000000, 0.00000000000, 0.00000000000, 0.00000000000, 0.00000000000, 0.00000000000, 14959.77833000419, 4.17492515832, 8.93585805243, 8.82912508121, 12.56196675815, 86.93130476039
 0.00000000000, 0.00000000000, 0.00000000000, 0.00000000000, 0.00000000000, 0.00000000000, 15455.84608763167, 4.18909278430, 8.72619394235, 8.76191147968, 12.36598372542, 90.04139967009
 0.00000000000, 0.00000000000, 0.00000000000, 0.00000000000, 0.00000000000, 0.00000000000, 15968.36350211431, 4.20326041029, 8.51814818432, 8.69264168255, 12.17049168733, 93.38651274937
 0.00000000000, 0.00000000000, 0.00000000000, 0.00000000000, 0.00000000000, 0.00000000000, 16497.87604573181, 4.21742803627, 8.31182478466, 8.62131437535, 11.97553726600, 96.99457811660
 0.00000000000, 0.00000000000, 0.00000000000, 0.00000000000, 0.00000000000, 0.00000000000, 17044.94727867969, 4.23159566226, 8.10732918659, 8.54793611299, 11.78117134802, 100.89824681304
 0.00000000000, 0.00000000000, 0.00000000000, 0.00000000000, 0.00000000000, 0.00000000000, 17610.15944886638, 4.24576328825, 7.90476749048, 8.47252134430, 11.58744868416, 105.13593601261
 0.00000000000, 0.00000000000, 0.00000000000, 0.00000000000, 0.00000000000, 0.00000000000, 18194.11411159962, 4.25993091423, 7.70424569313, 8.39509236324, 11.39442747519, 109.75317022886
 0.00000000000, 0.00000000000, 0.00000000000, 0.00000000000, 0.00000000000, 0.00000000000, 18797.43276982183, 4.27409854022, 7.50586895243, 8.31567919076, 11.20216894779, 114.80431406145
 0.00000000000, 0.00000000000, 0.00000000000, 0.00000000000, 0.00000000000, 0.00000000000, 19420.75753557565, 4.28826616621, 7.30974088345, 8.23431939179, 11.01073692489, 120.35483679087
 0.00000000000, 0.00000000000, 0.00000000000, 0.00000000000, 0.00000000000, 0.00000000000, 20064.75181340380, 4.30243379219, 7.11596289087, 8.15105783234, 10.82019739425, 126.48430969190
 0.00000000000, 0.00000000000, 0.00000000000, 0.00000000000, 0.00000000000, 0.00000000000, 20730.10100641049, 4.31660141818, 6.92463354274, 8.06594638197, 10.63061807883, 133.29042858127
 0.00000000000, 0.00000000000, 0.00000000000, 0.00000000000, 0.00000000000, 0.00000000000, 21417.51324573600, 4.33076904416, 6.73584798907, 7.97904356729, 10.44206801264, 140.89449564447
 0.00000000000, 0.00000000000, 0.00000000000, 0.00000000000, 0.00000000000, 0.00000000000, 22127.72014422059, 4.34493667015, 6.54969742893, 7.89041418231, 10.25461712493, 149.44901810997
 0.00000000000, 0.00000000000, 0.00000000000, 0.00000000000, 0.00000000000, 0.00000000000, 22861.47757506008, 4.35910429614, 6.36626862812, 7.80012886169, 10.06833583590, 159.14844327122
 0.00000000000, 0.00000000000, 0.00000000000, 0.00000000000, 0.00000000000, 0.00000000000, 23619.56647628165, 4.37327192212, 6.18564348976, 7.70826362280, 9.88329466630, 170.24465196061
 0.00000000000, 0.00000000000, 0.00000000000, 0.00000000000, 0.00000000000, 0.00000000000, 24402.79368189621, 4.38743954811, 6.00789867851, 7.61489938276, 9.69956386343, 183.06986785964
 0.00000000000, 0.00000000000, 0.00000000000, 0.00000000000, 0.00000000000, 0.00000000000, 25211.99278061181, 4.40160717409, 5.83310529935, 7.52012145635, 9.51721304540, 198.07148310171
 0.00000000000, 0.00000000000, 0.00000000000, 0.00000000000, 0.00000000000, 0.00000000000, 26048.02500302209, 4.41577480008, 5.66132863056, 7.42401904049, 9.33631086548, 215.86671828584
 0.00000000000, 0.00000000000, 0.00000000000, 0.00000000000, 0.00000000000, 0.00000000000, 26911.78013821401, 4.42994242607, 5.49262791030, 7.32668469102, 9.15692469788, 237.33167872629
 0.00000000000, 0.00000000000, 0.00000000000, 0.00000000000, 0.00000000000, 0.00000000000, 27804.17748077036, 4.44411005205, 5.32705617569, 7.22821379681, 8.97912034619, 263.75301848703
 0.00000000000, 0.00000000000, 0.00000000000, 0.00000000000, 0.00000000000, 0.00000000000, 28726.16680917497, 4.45827767804, 5.16466015256, 7.12870405644, 8.80296177520, 297.10037798381
 0.00000000000, 0.00000000000, 0.00000000000, 0.00000000000, 0.00000000000, 0.00000000000, 29678.72939666196, 4.47244530403, 5.00548019381, 7.02825496178, 8.62851086679, 340.54897083448
 0.00000000000, 0.00000000000, 0.00000000000, 0.00000000000, 0.00000000000, 0.00000000000, 30662.87905558481, 4.48661293001, 4.84955026395, 6.92696729281, 8.45582720012, 399.56870294258
 0.00000000000, 0.00000000000, 0.00000000000, 0.00000000000, 0.00000000000, 0.00000000000, 31679.66321641687, 4.50078055600, 4.69689796688, 6.82494262744, 8.28496785625, 484.45437719607
 0.00000000000, 0.00000000000, 0.00000000000, 0.00000000000, 0.00000000000, 0.00000000000, 32730.16404253155, 4.51494818198, 4.54754461404, 6.72228286952, 8.11598724707, 617.15096414331
 0.00000000000, 0.00000000000, 0.00000000000, 0.00000000000, 0.00000000000, 0.00000000000, 33815.49958194886, 4.52911580797, 4.40150532957, 6.61908979816, 7.94893696807, 854.23608439713
 0.00000000000, 0.00000000000, 0.00000000000, 0.00000000000, 0.00000000000, 0.00000000000, 34936.82495727386, 4.54328343396, 4.25878918907, 6.51546464057, 7.78386567456, 1399.76135337104
 0.00000000000, 0.00000000000, 0.00000000000, 0.00000000000, 0.00000000000, 0.00000000000, 36095.33359509355, 4.55745105994, 4.11939938861, 6.41150767061, 7.62081898047, 3984.61759122065
 0.00000000000, 0.00000000000, 0.00000000000, 0.00000000000, 0.00000000000, 0.00000000000, 37292.25849614122, 4.57161868593, 3.98333344040, 6.30731783449, 7.45983937914, -4535.98955138457
 0.00000000000, 0.00000000000, 0.00000000000, 0.00000000000, 0.00000000000, 0.00000000000, 38528.87354757822, 4.58578631191, 3.85058339167, 6.20299240489, 7.30096618478, -1427.11494241775
 0.00000000000, 0.00000000000, 0.00000000000, 0.00000000000, 0.00000000000, 0.00000000000, 39806.49487879324, 4.59995393790, 3.72113606331, 6.09862666426, 7.14423549386, -839.81253934664
 0.00000000000, 0.00000000000, 0.00000000000, 0.00000000000, 0.00000000000, 0.00000000000, 41126.48226215751, 4.61412156389, 3.59497330494, 5.99431361768, 6.98968016509, -591.16088736762
 0.00000000000, 0.00000000000, 0.00000000000, 0.00000000000, 0.00000000000, 0.00000000000, 42490.24056023188, 4.62828918987, 3.47207226317, 5.89014373543, 6.83732981687, -453.63535477635
 0.00000000000, 0.00000000000, 0.00000000000, 0.00000000000, 0.00000000000, 0.00000000000, 43899.22122096067, 4.64245681586, 3.35240566002, 5.78620472508, 6.68721084085, -366.23009398796
 0.00000000000, 0.00000000000, 0.00000000000, 0.00000000000, 0.00000000000, 0.00000000000, 45354.92382244904, 4.65662444184, 3.23594207860, 5.68258133257, 6.53934643044, -305.68170481124
 0.00000000000, 0.00000000000, 0.00000000000, 0.00000000000, 0.00000000000, 0.00000000000, 46858.89766896259, 4.67079206783, 3.12264625327, 5.57935517155, 6.39375662294, -261.19104702702
 0.00000000000, 0.00000000000, 0.00000000000, 0.00000000000, 0.00000000000, 0.00000000000, 48412.74343985331, 4.68495969382, 3.01247936188, 5.47660458018, 6.25045835386, -227.06134631484
 0.00000000000, 0.00000000000, 0.00000000000, 0.00000000000, 0.00000000000, 0.00000000000, 50018.11489316111, 4.69912731980, 2.90539931774, 5.37440450416, 6.10946552244, -200.00289614277
 0.00000000000, 0.00000000000, 0.00000000000, 0.00000000000, 0.00000000000, 0.00000000000, 51676.72062571003, 4.71329494579, 2.80136105928, 5.27282640484, 5.97078906678, -177.98301391427
 0.00000000000, 0.00000000000, 0.00000000000, 0.00000000000, 0.00000000000, 0.00000000000, 53390.32589156622, 4.72746257178, 2.70031683542, 5.17193819100, 5.83443704767, -159.67782508054
 0.00000000000, 0.00000000000, 0.00000000000, 0.00000000000, 0.00000000000, 0.00000000000, 55160.75448079950, 4.74163019776, 2.60221648521, 5.07180417293, 5.70041473969, -144.18791622436
 0.00000000000, 0.00000000000, 0.00000000000, 0.00000000000, 0.00000000000, 0.00000000000, 56989.89066054136, 4.75579782375, 2.50700771015, 4.97248503723, 5.56872472871, -130.88068419334
 0.00000000000, 0.00000000000, 0.00000000000, 0.00000000000, 0.00000000000, 0.00000000000, 58879.68118041227, 4.76996544973, 2.41463633799, 4.87403784084, 5.43936701452, -119.29807071856
 0.00000000000, 0.00000000000, 0.00000000000, 0.00000000000, 0.00000000000, 0.00000000000, 60832.13734444545, 4.78413307572, 2.32504657697, 4.77651602278, 5.31233911765, -109.10008670428
 0.00000000000, 0.00000000000, 0.00000000000, 0.00000000000, 0.00000000000, 0.00000000000, 62849.33715171960, 4.79830070171, 2.23818125974, 4.67996943187, 5.18763618951, -100.02890981387
 0.00000000000, 0.00000000000, 0.00000000000, 0.00000000000, 0.00000000000, 0.00000000000, 64933.42750797134, 4.81246832769, 2.15398207610, 4.58444436916, 5.06525112488, -91.88530859662
 0.00000000000, 0.00000000000, 0.00000000000, 0.00000000000, 0.00000000000, 0.00000000000, 67086.62651054905, 4.82663595368, 2.07238979425, 4.48998364331, 4.94517467603, -84.51271899620
 0.00000000000, 0.00000000000, 0.00000000000, 0.00000000000, 0.00000000000, 0.00000000000, 69311.22580913166, 4.84080357966, 1.99334446997, 4.39662663758, 4.82739556762, -77.78621979727
 0.00000000000, 0.00000000000, 0.00000000000, 0.00000000000, 0.00000000000, 0.00000000000, 71609.59304473367, 4.85497120565, 1.91678564371, 4.30440938702, 4.71190061175, -71.60472954089
 0.00000000000, 0.00000000000, 0.00000000000, 0.00000000000, 0.00000000000, 0.00000000000, 73984.17436958314, 4.86913883164, 1.84265252528, 4.21336466449, 4.59867482269, -65.88537218535
 0.00000000000, 0.00000000000, 0.00000000000, 0.00000000000, 0.00000000000, 0.00000000000, 76437.49705056382, 4.88330645762, 1.77088416626, 4.12352207413, 4.48770153042, -60.55933313177
 0.00000000000, 0.00000000000, 0.00000000000, 0.00000000000, 0.00000000000, 0.00000000000, 78972.17215898288, 4.89747408361, 1.70141962018, 4.03490815134, 4.37896249284, -55.56875784605
 0.00000000000, 0.00000000000, 0.00000000000, 0.00000000000, 0.00000000000, 0.00000000000, 81590.89734953658, 4.91164170959, 1.63419809069, 3.94754646777, 4.27243800597, -50.86439088797
 0.00000000000, 0.00000000000, 0.00000000000, 0.00000000000, 0.00000000000, 0.00000000000, 84296.45973142149, 4.92580933558, 1.56915906782, 3.86145774059, 4.16810701188, -46.40374702722
 0.00000000000, 0.00000000000, 0.00000000000, 0.00000000000, 0.00000000000, 0.00000000000, 87091.73883465759, 4.93997696157, 1.50624245289, 3.77665994486, 4.06594720403, -42.14966772977
 0.00000000000, 0.00000000000, 0.00000000000, 0.00000000000, 0.00000000000, 0.00000000000, 89979.70967476914, 4.95414458755, 1.44538867221, 3.69316842820, 3.96593512968, -38.06915725624
 0.00000000000, 0.00000000000, 0.00000000000, 0.00000000000, 0.00000000000, 0.00000000000, 92963.44591909640, 4.96831221354, 1.38653878005, 3.61099602693, 3.86804628916, -34.13241999877
 0.00000000000, 0.00000000000, 0.00000000000, 0.00000000000, 0.00000000000, 0.00000000000, 96046.12315809781, 4.98247983953, 1.32963455139, 3.53015318282, 3.77225523188, -30.31203884797
 0.00000000000, 0.00000000000, 0.00000000000, 0.00000000000, 0.00000000000, 0.00000000000, 99231.02228513172, 4.99664746551, 1.27461856481, 3.45064806003, 3.67853564887, -26.58224598679
 0.00000000000, 0.00000000000, 0.00000000000, 0.00000000000, 0.00000000000, 0.00000000000, 102521.53298831102, 5.01081509150, 1.22143427603, 3.37248666133, 3.58686046168, -22.91824410460
 0.00000000000, 0.00000000000, 0.00000000000, 0.00000000000, 0.00000000000, 0.00000000000, 105921.15735814819, 5.02498271748, 1.17002608262, 3.29567294332, 3.49720190772, -19.29553836077
 0.00000000000, 0.00000000000, 0.00000000000, 0.00000000000, 0.00000000000, 0.00000000000, 109433.51361483011, 5.03915034347, 1.12033938043, 3.22020893004, 3.40953162186, -15.68923757153
 0.00000000000, 0.00000000000, 0.00000000000, 0.00000000000, 0.00000000000, 0.00000000000, 113062.33995908991, 5.05331796946, 1.07232061203, 3.14609482462, 3.32382071425, -12.07327640155
 0.00000000000, 0.00000000000, 0.00000000000, 0.00000000000, 0.00000000000, 0.00000000000, 116811.49855077386, 5.06748559544, 1.02591730799, 3.07332911855, 3.24003984447, -8.41949723136
 0.00000000000, 0.00000000000, 0.00000000000, 0.00000000000, 0.00000000000, 0.00000000000, 120684.97961933810, 5.08165322143, 0.98107812114, 3.00190869840, 3.15815929195, -4.69650783701
 0.00000000000, 0.00000000000, 0.00000000000, 0.00000000000, 0.00000000000, 0.00000000000, 124686.90571064988, 5.09582084741, 0.93775285463, 2.93182894960, 3.07814902272, -0.86819364631
 0.00000000000, 0.00000000000, 0.00000000000, 0.00000000000, 0.00000000000, 0.00000000000, 128821.53607461296, 5.10998847340, 0.89589248391, 2.86308385708, 2.99997875250, 3.10829858365
 0.00000000000, 0.00000000000, 0.00000000000, 0.00000000000, 0.00000000000, 0.00000000000, 133093.27119828734, 5.12415609939, 0.85544917345, 2.79566610276, 2.92361800625, 7.28539305686
 0.00000000000, 0.00000000000, 0.00000000000, 0.00000000000, 0.00000000000, 0.00000000000, 137506.65748932760, 5.13832372537, 0.81637628831, 2.72956715954, 2.84903617431, 11.72920063122
 0.00000000000, 0.00000000000, 0.00000000000, 0.00000000000, 0.00000000000, 0.00000000000, 142066.39211472447, 5.15249135136, 0.77862840121, 2.66477738186, 2.77620256502, 16.52570680765
